country,country_serial,metric,unit,sector,sub_sector,sub_sub_sector,source_link,source,2000,2001,2002,2003,2004,2005,2006,2007,2008,2009,2010,2011,2012,2013,2014,2015,2016,2017,2018,2019,2020,2021,2022,2023,2024
Algeria,1,Access to electricity (% population),%,Electricity,Access,,https://africa-energy-portal.org/database,Africa Energy Portal Database,56.09,57.81,59.68,61.47,63.75,65.36,67.0,68.96,70.7,72.91,75.19,77.43,79.63,81.21,83.29,85.02,86.61,88.84,90.44,92.2,94.09,95.68,97.83,99.75,100.0
Algeria,1,Electricity generation (GWh),GWh,Electricity,Generation,,https://africa-energy-portal.org/database,Africa Energy Portal Database,48667.59,49921.39,51117.57,52281.97,53523.24,54901.11,56453.86,57773.59,59000.66,60101.69,61220.44,62547.27,64102.72,65646.31,67164.52,68704.89,70038.04,71337.75,72506.51,73723.71,75179.65,76746.2,77876.31,79444.09,81404.92
Algeria,1,Renewable energy share (%),%,Renewable Energy,General,,https://africa-energy-portal.org/database,Africa Energy Portal Database,0.98,1.02,1.07,1.11,1.17,1.22,1.27,1.31,1.36,1.41,1.46,1.5,1.54,1.59,1.62,1.67,1.72,1.76,1.81,1.85,1.91,1.96,2.01,2.06,2.03
Algeria,1,Installed capacity (MW),MW,Energy,Capacity,,https://africa-energy-portal.org/database,Africa Energy Portal Database,13955.24,14313.69,14692.39,15030.16,15350.76,15654.07,15985.82,16293.45,16638.83,17016.2,17399.53,17765.3,18069.84,18394.73,18770.59,19150.94,19547.5,19941.72,20288.44,20605.76,20905.46,21263.68,21594.04,21944.94,22726.55
Algeria,1,Electricity consumption per capita (kWh),kWh per capita,Electricity,Consumption,,https://africa-energy-portal.org/database,Africa Energy Portal Database,3882.53,4007.45,4116.55,4252.72,4393.94,4524.25,4659.15,4783.54,4895.49,4991.93,5089.31,5209.33,5310.86,5409.1,5540.95,5637.25,5772.92,5893.41,6008.17,6111.21,6249.5,6358.2,6479.67,6616.42,6742.01
Angola,2,Access to electricity (% population),%,Electricity,Access,,https://africa-energy-portal.org/database,Africa Energy Portal Database,25.31,26.04,26.92,27.64,28.52,29.42,30.28,31.15,31.88,32.87,33.66,34.68,35.41,36.21,37.13,38.1,39.07,39.9,40.69,41.66,42.46,43.24,43.98,44.76,45.83
Angola,2,Electricity generation (GWh),GWh,Electricity,Generation,,https://africa-energy-portal.org/database,Africa Energy Portal Database,10306.1,10682.99,10982.74,11417.5,11744.83,12052.33,12408.12,12817.64,13157.73,13590.19,13929.05,14340.44,14726.95,15109.1,15536.19,15975.98,16368.92,16769.15,17208.85,17548.25,17900.62,18231.53,18561.35,19001.58,19322.83
Angola,2,Renewable energy share (%),%,Renewable Energy,General,,https://africa-energy-portal.org/database,Africa Energy Portal Database,33.85,35.65,37.57,39.11,40.68,42.29,44.12,45.61,47.01,48.56,50.01,51.56,53.48,55.25,56.65,58.25,59.63,60.96,62.44,63.97,65.53,67.49,69.4,71.21,71.73
Angola,2,Installed capacity (MW),MW,Energy,Capacity,,https://africa-energy-portal.org/database,Africa Energy Portal Database,3116.43,3239.25,3353.11,3483.53,3598.82,3749.59,3899.34,4024.29,4156.3,4294.66,4440.42,4566.27,4725.26,4871.68,5001.45,5163.34,5325.34,5464.91,5618.61,5743.17,5899.0,6036.76,6192.96,6356.53,6341.21
Angola,2,Electricity consumption per capita (kWh),kWh per capita,Electricity,Consumption,,https://africa-energy-portal.org/database,Africa Energy Portal Database,202.8,207.73,212.69,218.5,224.0,228.28,234.46,239.02,244.31,249.57,255.73,261.29,267.35,272.69,278.77,283.73,289.06,294.57,299.64,305.13,310.11,316.34,321.88,327.08,328.26
Benin,3,Access to electricity (% population),%,Electricity,Access,,https://africa-energy-portal.org/database,Africa Energy Portal Database,22.28,23.17,24.15,25.1,26.03,26.99,28.06,28.96,29.72,30.5,31.4,32.32,33.35,34.41,35.26,36.21,37.06,37.94,38.67,39.62,40.45,41.23,42.26,43.07,42.77
Benin,3,Electricity generation (GWh),GWh,Electricity,Generation,,https://africa-energy-portal.org/database,Africa Energy Portal Database,2306.87,2366.04,2410.48,2474.34,2526.62,2576.92,2633.73,2696.06,2743.24,2806.45,2858.26,2902.22,2945.55,3007.03,3054.53,3116.01,3165.93,3228.3,3285.65,3332.97,3385.65,3435.69,3487.91,3535.74,3662.29
Benin,3,Renewable energy share (%),%,Renewable Energy,General,,https://africa-energy-portal.org/database,Africa Energy Portal Database,29.01,30.11,30.91,31.98,33.04,33.87,34.88,35.64,36.74,37.58,38.62,39.6,40.58,41.62,42.49,43.33,44.25,45.33,46.15,46.94,47.85,48.83,49.66,50.74,50.97
Benin,3,Installed capacity (MW),MW,Energy,Capacity,,https://africa-energy-portal.org/database,Africa Energy Portal Database,137.12,143.46,151.22,156.76,164.51,170.93,177.29,184.53,191.08,198.28,205.49,212.23,219.53,226.62,232.96,239.69,246.84,252.4,259.36,265.82,271.84,279.43,285.52,290.99,296.47
Benin,3,Electricity consumption per capita (kWh),kWh per capita,Electricity,Consumption,,https://africa-energy-portal.org/database,Africa Energy Portal Database,87.33,88.35,89.58,90.8,91.78,92.96,93.87,94.79,95.69,96.75,97.61,98.69,99.9,100.93,102.07,103.31,104.27,105.24,106.16,107.14,108.09,108.95,109.97,111.0,112.61
Botswana,4,Access to electricity (% population),%,Electricity,Access,,https://africa-energy-portal.org/database,Africa Energy Portal Database,27.61,29.43,31.46,33.67,35.38,37.37,39.53,41.65,43.72,46.08,47.9,49.71,51.59,53.57,55.34,57.64,59.85,62.16,64.14,66.3,68.61,70.52,72.46,74.73,73.35
Botswana,4,Electricity generation (GWh),GWh,Electricity,Generation,,https://africa-energy-portal.org/database,Africa Energy Portal Database,1372.25,1447.99,1524.74,1597.0,1678.94,1758.69,1853.43,1940.94,2012.22,2086.71,2154.3,2229.21,2306.39,2379.2,2457.2,2537.03,2614.44,2689.03,2784.93,2856.5,2926.73,2993.66,3090.78,3165.12,3355.94
Botswana,4,Renewable energy share (%),%,Renewable Energy,General,,https://africa-energy-portal.org/database,Africa Energy Portal Database,2.88,2.95,3.07,3.15,3.24,3.32,3.41,3.5,3.58,3.67,3.78,3.9,3.99,4.1,4.19,4.28,4.37,4.47,4.56,4.66,4.76,4.87,4.98,5.06,5.09
Botswana,4,Installed capacity (MW),MW,Energy,Capacity,,https://africa-energy-portal.org/database,Africa Energy Portal Database,482.96,504.39,522.27,538.36,557.01,576.97,594.73,611.89,634.31,653.98,671.43,690.48,712.77,729.56,750.74,771.84,788.52,804.47,826.72,842.67,860.12,878.72,894.18,916.52,919.05
Botswana,4,Electricity consumption per capita (kWh),kWh per capita,Electricity,Consumption,,https://africa-energy-portal.org/database,Africa Energy Portal Database,1267.98,1284.56,1296.92,1309.49,1325.59,1337.99,1356.06,1373.28,1388.98,1403.73,1418.84,1436.69,1453.93,1469.3,1483.36,1496.67,1508.76,1521.69,1534.57,1548.29,1565.28,1579.5,1593.58,1611.57,1668.95
Burkina Faso,5,Access to electricity (% population),%,Electricity,Access,,https://africa-energy-portal.org/database,Africa Energy Portal Database,9.01,9.6,10.17,10.65,11.17,11.74,12.33,12.97,13.47,14.06,14.67,15.3,15.82,16.31,16.78,17.43,17.97,18.52,19.07,19.52,19.99,20.65,21.15,21.76,21.42
Burkina Faso,5,Electricity generation (GWh),GWh,Electricity,Generation,,https://africa-energy-portal.org/database,Africa Energy Portal Database,1316.17,1344.16,1373.11,1396.92,1427.37,1452.29,1481.69,1504.81,1532.6,1559.68,1583.99,1608.53,1638.46,1665.57,1694.24,1719.31,1744.13,1774.27,1804.23,1827.76,1858.02,1881.82,1903.97,1932.54,1945.33
Burkina Faso,5,Renewable energy share (%),%,Renewable Energy,General,,https://africa-energy-portal.org/database,Africa Energy Portal Database,8.54,8.88,9.14,9.42,9.66,9.94,10.22,10.54,10.84,11.18,11.53,11.81,12.08,12.34,12.68,12.97,13.24,13.48,13.74,13.99,14.33,14.61,14.94,15.26,15.42
Burkina Faso,5,Installed capacity (MW),MW,Energy,Capacity,,https://africa-energy-portal.org/database,Africa Energy Portal Database,171.74,181.18,189.39,198.09,206.11,214.06,220.95,228.99,236.0,243.13,252.77,261.18,267.99,276.15,282.94,289.65,297.71,307.34,314.05,321.04,328.76,337.9,346.76,355.8,363.42
Burkina Faso,5,Electricity consumption per capita (kWh),kWh per capita,Electricity,Consumption,,https://africa-energy-portal.org/database,Africa Energy Portal Database,33.66,34.71,36.05,37.43,38.57,39.56,40.92,41.92,42.88,43.98,45.31,46.54,47.53,48.84,49.91,50.96,52.38,53.37,54.79,55.92,57.09,58.29,59.43,60.4,61.51
Burundi,6,Access to electricity (% population),%,Electricity,Access,,https://africa-energy-portal.org/database,Africa Energy Portal Database,5.0,5.22,5.53,5.76,6.02,6.26,6.58,6.89,7.2,7.44,7.71,7.98,8.26,8.5,8.79,9.11,9.39,9.7,9.98,10.25,10.48,10.74,11.06,11.31,11.27
Burundi,6,Electricity generation (GWh),GWh,Electricity,Generation,,https://africa-energy-portal.org/database,Africa Energy Portal Database,216.55,225.23,233.91,243.58,251.99,260.28,267.77,276.75,285.36,295.32,304.2,312.78,321.85,329.33,337.01,346.94,353.89,362.21,371.2,378.18,387.94,396.7,405.09,414.03,418.05
Burundi,6,Renewable energy share (%),%,Renewable Energy,General,,https://africa-energy-portal.org/database,Africa Energy Portal Database,53.28,55.68,57.44,59.33,60.98,62.84,64.56,66.73,68.81,70.5,72.43,74.2,76.11,78.06,79.77,81.53,83.7,85.83,88.14,89.93,91.73,93.71,95.92,98.02,100.0
Burundi,6,Installed capacity (MW),MW,Energy,Capacity,,https://africa-energy-portal.org/database,Africa Energy Portal Database,49.02,49.8,50.73,51.68,52.5,53.31,54.13,55.19,56.12,57.2,58.26,59.09,59.93,60.96,61.92,62.86,63.65,64.65,65.75,66.86,67.67,68.53,69.4,70.18,72.74
Burundi,6,Electricity consumption per capita (kWh),kWh per capita,Electricity,Consumption,,https://africa-energy-portal.org/database,Africa Energy Portal Database,15.71,16.14,16.65,17.01,17.49,17.92,18.29,18.78,19.21,19.58,19.92,20.3,20.75,21.18,21.61,22.0,22.4,22.77,23.16,23.6,23.97,24.33,24.7,25.15,25.78
Cameroon,7,Access to electricity (% population),%,Electricity,Access,,https://africa-energy-portal.org/database,Africa Energy Portal Database,34.4,35.77,37.15,38.34,39.47,40.77,42.22,43.53,44.76,46.26,47.46,48.63,49.75,50.93,52.25,53.48,54.6,56.17,57.57,59.05,60.54,62.18,63.35,64.84,66.31
Cameroon,7,Electricity generation (GWh),GWh,Electricity,Generation,,https://africa-energy-portal.org/database,Africa Energy Portal Database,5128.84,5450.44,5703.9,5927.06,6194.81,6504.89,6731.48,6977.67,7304.82,7601.77,7843.3,8124.86,8393.04,8640.55,8890.26,9159.12,9428.86,9679.81,9986.71,10240.76,10507.86,10732.1,10960.74,11201.84,11743.51
Cameroon,7,Renewable energy share (%),%,Renewable Energy,General,,https://africa-energy-portal.org/database,Africa Energy Portal Database,43.58,44.81,46.0,47.31,48.85,50.18,51.7,53.16,54.88,56.1,57.74,59.22,60.38,61.63,62.84,64.38,66.07,67.48,68.8,70.28,71.93,73.64,74.89,76.49,75.95
Cameroon,7,Installed capacity (MW),MW,Energy,Capacity,,https://africa-energy-portal.org/database,Africa Energy Portal Database,1017.3,1046.6,1071.39,1093.27,1122.93,1152.43,1175.79,1207.23,1236.62,1261.29,1284.77,1309.88,1339.69,1361.57,1390.14,1418.32,1440.01,1465.36,1494.06,1519.02,1543.11,1565.1,1588.13,1617.25,1634.28
Cameroon,7,Electricity consumption per capita (kWh),kWh per capita,Electricity,Consumption,,https://africa-energy-portal.org/database,Africa Energy Portal Database,226.21,229.09,232.55,234.91,237.62,240.8,243.81,246.25,249.1,251.94,254.54,257.49,260.28,263.39,265.78,268.69,271.96,274.91,277.55,280.05,282.47,285.87,288.75,291.71,299.74
Cape Verde,8,Access to electricity (% population),%,Electricity,Access,,https://africa-energy-portal.org/database,Africa Energy Portal Database,53.33,54.98,56.63,58.15,59.98,61.99,64.03,66.23,68.03,69.59,71.19,73.2,75.38,77.62,79.43,80.97,83.04,85.22,87.23,89.24,90.98,93.18,95.12,97.36,97.24
Cape Verde,8,Electricity generation (GWh),GWh,Electricity,Generation,,https://africa-energy-portal.org/database,Africa Energy Portal Database,285.36,296.96,311.7,323.73,336.63,348.37,363.25,379.27,396.26,408.69,422.41,435.24,451.97,465.84,477.69,489.88,504.16,520.64,535.11,550.65,567.52,580.03,592.98,610.0,618.86
Cape Verde,8,Renewable energy share (%),%,Renewable Energy,General,,https://africa-energy-portal.org/database,Africa Energy Portal Database,15.15,15.66,16.16,16.69,17.08,17.55,18.05,18.53,19.0,19.53,20.0,20.39,20.76,21.16,21.67,22.06,22.56,23.07,23.5,24.02,24.38,24.86,25.29,25.78,25.26
Cape Verde,8,Installed capacity (MW),MW,Energy,Capacity,,https://africa-energy-portal.org/database,Africa Energy Portal Database,73.75,75.99,78.24,80.26,82.47,84.94,86.66,88.74,90.69,93.15,95.1,97.31,99.49,101.64,104.07,106.37,108.63,110.71,112.78,114.67,116.74,118.92,121.22,123.25,123.45
Cape Verde,8,Electricity consumption per capita (kWh),kWh per capita,Electricity,Consumption,,https://africa-energy-portal.org/database,Africa Energy Portal Database,339.83,347.61,356.38,364.25,371.96,383.13,393.62,404.44,412.46,420.2,429.83,439.36,448.0,458.06,466.7,477.28,486.45,495.26,505.56,514.3,524.87,532.83,540.82,550.93,565.45
Central African Republic,9,Access to electricity (% population),%,Electricity,Access,,https://africa-energy-portal.org/database,Africa Energy Portal Database,6.4,6.77,7.11,7.54,7.85,8.28,8.69,9.11,9.54,9.86,10.21,10.53,10.99,11.41,11.79,12.2,12.64,13.03,13.49,13.87,14.22,14.69,15.06,15.49,15.17
Central African Republic,9,Electricity generation (GWh),GWh,Electricity,Generation,,https://africa-energy-portal.org/database,Africa Energy Portal Database,127.12,130.28,134.04,136.95,140.94,144.76,148.59,152.57,156.31,159.04,162.09,166.09,169.12,173.11,175.8,178.94,182.33,186.11,190.07,192.84,196.23,199.82,203.01,206.64,207.3
Central African Republic,9,Renewable energy share (%),%,Renewable Energy,General,,https://africa-energy-portal.org/database,Africa Energy Portal Database,45.82,47.64,49.28,50.83,52.71,54.3,56.14,57.67,59.54,61.41,63.23,65.29,67.33,69.4,71.44,73.03,75.11,76.92,78.6,80.44,81.93,83.76,85.54,87.39,85.88
Central African Republic,9,Installed capacity (MW),MW,Energy,Capacity,,https://africa-energy-portal.org/database,Africa Energy Portal Database,29.15,29.73,30.56,31.23,32.06,32.83,33.52,34.33,35.13,35.91,36.77,37.53,38.19,38.95,39.66,40.25,40.86,41.65,42.37,42.97,43.74,44.48,45.06,45.72,46.07
Central African Republic,9,Electricity consumption per capita (kWh),kWh per capita,Electricity,Consumption,,https://africa-energy-portal.org/database,Africa Energy Portal Database,21.98,22.64,23.19,23.75,24.32,24.99,25.69,26.32,26.93,27.49,28.13,28.84,29.43,30.12,30.7,31.33,31.95,32.48,33.01,33.68,34.35,34.85,35.43,35.96,36.13
Chad,10,Access to electricity (% population),%,Electricity,Access,,https://africa-energy-portal.org/database,Africa Energy Portal Database,6.04,6.31,6.51,6.7,6.94,7.16,7.37,7.56,7.78,8.05,8.25,8.45,8.65,8.91,9.12,9.33,9.52,9.73,9.92,10.19,10.37,10.65,10.84,11.07,11.24
Chad,10,Electricity generation (GWh),GWh,Electricity,Generation,,https://africa-energy-portal.org/database,Africa Energy Portal Database,218.39,225.03,231.98,238.86,244.88,250.73,257.73,264.43,271.54,277.14,284.19,289.26,295.01,300.52,305.3,310.88,316.09,322.51,328.3,333.44,340.39,345.77,350.57,357.1,366.85
Chad,10,Renewable energy share (%),%,Renewable Energy,General,,https://africa-energy-portal.org/database,Africa Energy Portal Database,0.0,0.0,0.0,0.0,0.0,0.0,0.0,0.0,0.0,0.0,0.0,0.0,0.0,0.0,0.0,0.0,0.0,0.0,0.0,0.0,0.0,0.0,0.0,0.0,0.0
Chad,10,Installed capacity (MW),MW,Energy,Capacity,,https://africa-energy-portal.org/database,Africa Energy Portal Database,72.41,74.81,77.39,79.37,81.69,83.97,86.58,89.43,91.69,94.31,96.81,99.15,101.07,103.79,106.63,108.97,110.94,113.65,116.5,118.41,120.55,123.15,125.59,128.27,130.12
Chad,10,Electricity consumption per capita (kWh),kWh per capita,Electricity,Consumption,,https://africa-energy-portal.org/database,Africa Energy Portal Database,11.06,11.47,11.93,12.34,12.75,13.19,13.66,14.03,14.49,14.86,15.28,15.61,15.94,16.41,16.74,17.2,17.68,18.14,18.51,18.88,19.35,19.81,20.17,20.6,20.78
Comoros,11,Access to electricity (% population),%,Electricity,Access,,https://africa-energy-portal.org/database,Africa Energy Portal Database,35.39,37.23,39.61,41.43,43.8,45.73,48.15,50.44,52.77,55.42,57.3,59.25,61.24,63.2,65.07,67.36,69.79,71.89,74.16,76.62,78.92,81.32,83.8,86.13,86.92
Comoros,11,Electricity generation (GWh),GWh,Electricity,Generation,,https://africa-energy-portal.org/database,Africa Energy Portal Database,32.75,33.67,34.56,35.26,36.05,36.86,37.78,38.62,39.52,40.45,41.15,42.07,42.96,43.71,44.52,45.29,46.0,46.73,47.43,48.14,48.96,49.61,50.26,50.91,52.29
Comoros,11,Renewable energy share (%),%,Renewable Energy,General,,https://africa-energy-portal.org/database,Africa Energy Portal Database,4.5,4.78,5.04,5.33,5.62,5.83,6.1,6.3,6.5,6.77,6.99,7.25,7.49,7.71,7.93,8.15,8.44,8.73,8.96,9.16,9.4,9.69,9.98,10.19,10.3
Comoros,11,Installed capacity (MW),MW,Energy,Capacity,,https://africa-energy-portal.org/database,Africa Energy Portal Database,14.09,14.49,14.96,15.55,16.05,16.48,16.91,17.38,17.86,18.36,18.77,19.3,19.87,20.3,20.76,21.35,21.85,22.26,22.71,23.26,23.78,24.19,24.63,25.12,26.05
Comoros,11,Electricity consumption per capita (kWh),kWh per capita,Electricity,Consumption,,https://africa-energy-portal.org/database,Africa Energy Portal Database,28.27,29.35,30.22,31.13,32.08,32.91,33.9,34.81,35.6,36.77,37.74,38.81,39.91,41.03,42.05,42.84,43.8,44.85,45.9,47.08,47.9,48.77,49.77,50.91,52.24
Democratic Republic of Congo,12,Access to electricity (% population),%,Electricity,Access,,https://africa-energy-portal.org/database,Africa Energy Portal Database,10.96,11.36,11.73,12.08,12.43,12.87,13.16,13.46,13.82,14.13,14.45,14.79,15.18,15.58,15.91,16.27,16.7,17.14,17.47,17.78,18.16,18.56,18.97,19.29,19.52
Democratic Republic of Congo,12,Electricity generation (GWh),GWh,Electricity,Generation,,https://africa-energy-portal.org/database,Africa Energy Portal Database,6775.33,6913.25,7060.02,7219.8,7412.07,7615.0,7781.39,7943.67,8146.49,8337.87,8509.22,8672.6,8821.35,9015.1,9206.45,9363.65,9520.09,9682.13,9829.98,9998.37,10199.85,10363.99,10561.51,10718.07,10804.87
Democratic Republic of Congo,12,Renewable energy share (%),%,Renewable Energy,General,,https://africa-energy-portal.org/database,Africa Energy Portal Database,46.42,48.39,50.92,53.31,55.32,57.47,59.91,62.28,64.4,66.83,69.59,72.08,74.48,77.04,78.99,81.75,84.01,86.82,89.45,91.75,93.77,96.39,99.18,100.0,100.0
Democratic Republic of Congo,12,Installed capacity (MW),MW,Energy,Capacity,,https://africa-energy-portal.org/database,Africa Energy Portal Database,1174.54,1249.43,1316.79,1383.3,1449.94,1504.94,1580.62,1633.89,1710.76,1774.49,1842.46,1920.41,1981.98,2040.94,2094.75,2156.37,2212.25,2278.8,2335.76,2407.54,2466.66,2541.79,2605.84,2661.4,2665.53
Democratic Republic of Congo,12,Electricity consumption per capita (kWh),kWh per capita,Electricity,Consumption,,https://africa-energy-portal.org/database,Africa Energy Portal Database,84.39,85.38,86.69,88.0,89.24,90.25,91.38,92.67,93.85,94.86,96.13,97.45,98.51,99.7,100.71,101.87,103.03,104.18,105.13,106.25,107.49,108.63,109.66,110.63,113.27
Republic of Congo,13,Access to electricity (% population),%,Electricity,Access,,https://africa-energy-portal.org/database,Africa Energy Portal Database,22.72,23.97,25.08,26.09,27.4,28.41,29.63,31.06,32.11,33.22,34.22,35.46,36.86,37.89,38.93,40.15,41.23,42.43,43.9,44.91,45.95,47.23,48.41,49.64,50.97
Republic of Congo,13,Electricity generation (GWh),GWh,Electricity,Generation,,https://africa-energy-portal.org/database,Africa Energy Portal Database,1433.19,1463.31,1496.1,1532.48,1569.5,1610.58,1651.05,1682.32,1710.98,1739.56,1773.06,1802.72,1833.96,1875.53,1904.14,1938.04,1968.06,2008.69,2039.92,2078.46,2116.53,2150.64,2183.11,2217.15,2309.12
Republic of Congo,13,Renewable energy share (%),%,Renewable Energy,General,,https://africa-energy-portal.org/database,Africa Energy Portal Database,31.69,33.42,34.87,36.68,38.28,40.26,42.17,43.75,45.8,47.57,49.49,51.13,52.54,54.43,56.06,57.87,59.34,60.91,62.58,64.3,66.11,68.17,69.92,71.51,70.88
Republic of Congo,13,Installed capacity (MW),MW,Energy,Capacity,,https://africa-energy-portal.org/database,Africa Energy Portal Database,267.62,282.52,299.27,316.77,332.81,348.57,365.31,378.45,392.63,410.78,428.07,443.49,457.63,474.73,488.6,504.56,520.16,534.48,547.15,565.05,582.48,597.79,612.31,625.85,624.89
Republic of Congo,13,Electricity consumption per capita (kWh),kWh per capita,Electricity,Consumption,,https://africa-energy-portal.org/database,Africa Energy Portal Database,117.82,121.77,126.18,129.16,132.56,136.1,139.9,143.72,147.41,150.69,155.02,158.37,162.63,165.98,169.24,172.9,177.34,181.65,185.05,188.27,191.91,195.21,199.26,202.98,207.47
Côte d'Ivoire,14,Access to electricity (% population),%,Electricity,Access,,https://africa-energy-portal.org/database,Africa Energy Portal Database,21.6,23.45,25.58,27.81,29.68,31.66,33.24,35.38,37.41,38.96,40.87,42.74,44.5,46.1,48.01,49.72,51.83,53.81,55.57,57.12,58.77,60.88,62.59,64.15,65.16
Côte d'Ivoire,14,Electricity generation (GWh),GWh,Electricity,Generation,,https://africa-energy-portal.org/database,Africa Energy Portal Database,6664.65,6851.26,7070.7,7274.06,7536.02,7769.92,8021.03,8231.59,8452.1,8654.67,8912.81,9140.38,9343.69,9580.78,9839.77,10022.55,10228.04,10403.84,10610.71,10816.56,11031.11,11232.83,11425.81,11628.23,11886.21
Côte d'Ivoire,14,Renewable energy share (%),%,Renewable Energy,General,,https://africa-energy-portal.org/database,Africa Energy Portal Database,19.2,20.21,21.07,22.0,23.11,23.86,24.9,25.91,26.82,27.79,28.74,29.81,30.75,31.6,32.62,33.5,34.62,35.38,36.26,37.1,38.09,38.93,39.73,40.5,40.69
Côte d'Ivoire,14,Installed capacity (MW),MW,Energy,Capacity,,https://africa-energy-portal.org/database,Africa Energy Portal Database,1189.54,1236.3,1283.24,1334.67,1391.97,1447.79,1504.16,1554.24,1596.48,1643.9,1695.65,1747.53,1797.12,1837.57,1883.6,1935.04,1991.07,2050.47,2107.25,2166.85,2223.56,2283.22,2342.26,2402.51,2354.34
Côte d'Ivoire,14,Electricity consumption per capita (kWh),kWh per capita,Electricity,Consumption,,https://africa-energy-portal.org/database,Africa Energy Portal Database,165.85,171.19,176.33,181.04,186.1,191.49,196.59,200.94,206.2,211.74,216.27,221.69,226.9,231.71,236.62,240.76,245.96,251.12,255.85,260.38,265.83,271.5,276.02,280.85,290.1
Djibouti,15,Access to electricity (% population),%,Electricity,Access,,https://africa-energy-portal.org/database,Africa Energy Portal Database,26.48,27.76,29.09,30.91,32.52,34.09,35.71,36.98,38.23,39.72,41.19,42.84,44.36,46.01,47.29,48.88,50.59,52.26,53.93,55.16,56.44,57.67,58.91,60.58,61.79
Djibouti,15,Electricity generation (GWh),GWh,Electricity,Generation,,https://africa-energy-portal.org/database,Africa Energy Portal Database,301.13,308.46,319.1,328.6,337.65,348.32,358.87,367.17,374.41,384.03,394.12,403.41,413.07,422.79,431.87,442.45,452.49,460.28,467.98,475.45,482.98,492.45,501.3,508.82,520.88
Djibouti,15,Renewable energy share (%),%,Renewable Energy,General,,https://africa-energy-portal.org/database,Africa Energy Portal Database,20.55,22.16,23.34,24.57,26.15,27.54,28.94,30.14,31.27,32.7,33.96,35.23,36.72,37.94,39.06,40.58,41.79,43.16,44.59,45.97,47.41,48.79,50.29,51.85,51.31
Djibouti,15,Installed capacity (MW),MW,Energy,Capacity,,https://africa-energy-portal.org/database,Africa Energy Portal Database,88.15,90.4,92.52,94.75,96.34,98.02,100.15,102.23,104.17,106.21,107.92,109.69,111.26,112.9,114.85,116.8,118.63,120.63,122.5,124.18,126.4,128.13,130.2,131.85,136.5
Djibouti,15,Electricity consumption per capita (kWh),kWh per capita,Electricity,Consumption,,https://africa-energy-portal.org/database,Africa Energy Portal Database,281.38,287.51,293.57,298.01,304.11,310.56,316.95,321.46,326.84,332.26,338.28,344.72,350.78,356.08,360.54,365.38,371.3,375.91,380.96,385.34,391.63,397.75,403.95,408.65,411.35
Egypt,16,Access to electricity (% population),%,Electricity,Access,,https://africa-energy-portal.org/database,Africa Energy Portal Database,40.45,43.56,46.35,48.55,50.89,53.45,56.57,59.46,61.8,64.82,67.93,70.81,73.71,76.4,79.18,81.65,84.3,87.48,90.53,93.61,95.93,98.98,100.0,100.0,100.0
Egypt,16,Electricity generation (GWh),GWh,Electricity,Generation,,https://africa-energy-portal.org/database,Africa Energy Portal Database,86270.72,91251.63,96862.35,102604.75,107424.14,112714.15,117519.46,123196.08,128898.61,133431.59,139029.84,145107.19,150495.69,156561.86,162245.57,167001.67,171099.45,175573.9,180886.42,186098.7,191802.14,197340.94,201704.53,206852.63,207510.09
Egypt,16,Renewable energy share (%),%,Renewable Energy,General,,https://africa-energy-portal.org/database,Africa Energy Portal Database,4.53,4.81,5.1,5.41,5.75,6.03,6.41,6.77,7.06,7.4,7.76,8.16,8.46,8.83,9.19,9.51,9.85,10.13,10.43,10.83,11.16,11.51,11.82,12.17,12.27
Egypt,16,Installed capacity (MW),MW,Energy,Capacity,,https://africa-energy-portal.org/database,Africa Energy Portal Database,30486.11,31714.36,32757.03,34044.87,35272.25,36440.61,37830.91,39045.09,40161.82,41647.67,42806.24,44028.69,45462.99,46586.37,47948.7,49282.77,50395.73,51829.87,53250.96,54523.0,55693.13,56823.37,58157.57,59652.44,60386.24
Egypt,16,Electricity consumption per capita (kWh),kWh per capita,Electricity,Consumption,,https://africa-energy-portal.org/database,Africa Energy Portal Database,1446.78,1460.78,1478.77,1495.22,1512.15,1526.37,1543.99,1561.68,1576.17,1593.66,1610.92,1623.91,1638.19,1656.02,1673.79,1692.97,1706.16,1721.73,1737.47,1751.03,1765.08,1783.68,1798.86,1814.46,1850.34
Equatorial Guinea,17,Access to electricity (% population),%,Electricity,Access,,https://africa-energy-portal.org/database,Africa Energy Portal Database,26.76,28.36,30.01,31.97,33.98,36.12,38.03,40.17,42.1,44.14,45.85,47.45,49.45,51.17,53.03,54.69,56.24,57.73,59.73,61.24,63.03,64.64,66.61,68.23,67.78
Equatorial Guinea,17,Electricity generation (GWh),GWh,Electricity,Generation,,https://africa-energy-portal.org/database,Africa Energy Portal Database,3448.13,3529.22,3639.27,3724.86,3830.45,3907.93,4006.62,4111.42,4211.29,4286.68,4363.28,4474.51,4582.69,4665.47,4756.05,4845.18,4927.19,5028.69,5117.05,5210.5,5320.65,5406.17,5512.08,5587.6,5632.62
Equatorial Guinea,17,Renewable energy share (%),%,Renewable Energy,General,,https://africa-energy-portal.org/database,Africa Energy Portal Database,1.86,2.03,2.18,2.32,2.46,2.62,2.79,2.95,3.12,3.24,3.36,3.5,3.62,3.78,3.91,4.06,4.21,4.34,4.48,4.6,4.75,4.9,5.04,5.2,5.1
Equatorial Guinea,17,Installed capacity (MW),MW,Energy,Capacity,,https://africa-energy-portal.org/database,Africa Energy Portal Database,273.3,279.98,286.47,292.22,298.53,304.73,309.96,315.87,322.66,327.51,333.83,338.75,345.07,351.51,356.2,362.5,368.4,375.05,381.74,387.55,392.65,397.24,403.42,408.63,408.23
Equatorial Guinea,17,Electricity consumption per capita (kWh),kWh per capita,Electricity,Consumption,,https://africa-energy-portal.org/database,Africa Energy Portal Database,738.23,757.79,782.49,807.16,828.22,850.01,873.92,898.88,917.26,941.83,961.98,985.72,1008.85,1030.24,1053.72,1074.1,1093.83,1115.06,1135.53,1160.41,1185.58,1203.14,1222.03,1239.65,1250.74
Eritrea,18,Access to electricity (% population),%,Electricity,Access,,https://africa-energy-portal.org/database,Africa Energy Portal Database,23.21,24.4,25.51,26.57,28.1,29.33,30.57,31.63,33.01,34.17,35.4,36.76,38.18,39.41,40.7,41.77,43.23,44.78,46.31,47.37,48.73,50.18,51.69,52.89,53.51
Eritrea,18,Electricity generation (GWh),GWh,Electricity,Generation,,https://africa-energy-portal.org/database,Africa Energy Portal Database,264.61,271.54,278.33,285.11,291.87,298.55,305.34,312.38,319.6,326.81,333.15,338.13,343.91,350.91,358.13,365.24,371.5,377.91,385.23,392.05,397.35,402.6,409.15,414.32,414.26
Eritrea,18,Renewable energy share (%),%,Renewable Energy,General,,https://africa-energy-portal.org/database,Africa Energy Portal Database,2.95,3.06,3.16,3.27,3.36,3.45,3.53,3.63,3.73,3.81,3.9,3.99,4.07,4.17,4.27,4.37,4.46,4.53,4.61,4.71,4.82,4.93,5.02,5.09,5.08
Eritrea,18,Installed capacity (MW),MW,Energy,Capacity,,https://africa-energy-portal.org/database,Africa Energy Portal Database,94.18,97.12,100.19,103.03,106.05,109.55,112.33,114.74,117.53,121.04,124.07,127.12,130.67,134.19,137.71,140.62,143.05,145.61,148.03,150.66,153.85,156.33,159.85,162.78,167.17
Eritrea,18,Electricity consumption per capita (kWh),kWh per capita,Electricity,Consumption,,https://africa-energy-portal.org/database,Africa Energy Portal Database,46.99,48.35,49.97,51.74,52.96,54.59,56.16,57.87,59.53,60.95,62.7,64.11,65.61,67.18,68.6,70.12,71.43,73.07,74.73,76.27,78.02,79.31,80.73,82.32,81.78
Eswatini,19,Access to electricity (% population),%,Electricity,Access,,https://africa-energy-portal.org/database,Africa Energy Portal Database,51.02,52.56,54.07,55.76,57.4,58.98,60.26,61.46,62.84,64.27,65.5,66.92,68.36,69.91,71.2,72.65,74.22,75.72,77.2,78.71,80.1,81.77,83.35,84.54,85.47
Eswatini,19,Electricity generation (GWh),GWh,Electricity,Generation,,https://africa-energy-portal.org/database,Africa Energy Portal Database,371.59,382.72,391.79,403.47,415.44,427.84,436.31,447.59,459.78,471.57,481.03,490.41,502.38,512.94,523.4,534.64,544.67,554.77,564.97,575.42,584.05,592.95,603.21,614.46,612.03
Eswatini,19,Renewable energy share (%),%,Renewable Energy,General,,https://africa-energy-portal.org/database,Africa Energy Portal Database,26.69,27.91,29.0,30.03,31.1,32.37,33.36,34.35,35.54,36.65,37.93,38.92,39.78,40.79,41.76,43.04,43.91,45.01,46.07,46.96,48.22,49.24,50.37,51.64,50.8
Eswatini,19,Installed capacity (MW),MW,Energy,Capacity,,https://africa-energy-portal.org/database,Africa Energy Portal Database,152.58,158.5,162.94,168.92,174.38,179.82,184.25,188.89,193.31,199.69,204.63,209.67,215.04,220.2,225.83,232.01,236.38,241.43,247.25,253.42,258.15,262.93,267.55,272.45,281.83
Eswatini,19,Electricity consumption per capita (kWh),kWh per capita,Electricity,Consumption,,https://africa-energy-portal.org/database,Africa Energy Portal Database,518.06,536.13,550.1,565.44,582.07,601.65,620.37,636.24,650.69,667.01,682.51,698.76,713.25,731.14,750.1,770.14,787.83,804.63,822.81,843.15,857.14,876.4,892.35,909.3,919.61
Ethiopia,20,Access to electricity (% population),%,Electricity,Access,,https://africa-energy-portal.org/database,Africa Energy Portal Database,27.78,28.64,29.49,30.46,31.58,32.43,33.56,34.71,35.57,36.54,37.61,38.56,39.39,40.52,41.55,42.65,43.58,44.45,45.35,46.36,47.51,48.65,49.85,50.88,51.07
Ethiopia,20,Electricity generation (GWh),GWh,Electricity,Generation,,https://africa-energy-portal.org/database,Africa Energy Portal Database,10345.26,10599.91,10899.62,11148.49,11372.88,11638.04,11871.74,12147.4,12404.71,12702.83,12925.86,13162.12,13469.75,13703.9,13933.84,14265.56,14588.81,14816.44,15050.43,15338.77,15572.81,15824.92,16100.38,16405.58,17207.01
Ethiopia,20,Renewable energy share (%),%,Renewable Energy,General,,https://africa-energy-portal.org/database,Africa Energy Portal Database,43.7,45.77,48.56,51.16,53.52,56.05,58.31,61.09,63.82,66.44,68.79,71.42,73.62,75.9,78.42,80.89,83.57,85.59,87.9,90.19,92.5,95.2,97.93,100.0,97.14
Ethiopia,20,Installed capacity (MW),MW,Energy,Capacity,,https://africa-energy-portal.org/database,Africa Energy Portal Database,2589.87,2698.88,2813.89,2894.56,3006.66,3095.7,3201.82,3309.08,3428.42,3520.72,3607.97,3726.22,3832.16,3921.08,4026.22,4118.08,4227.69,4334.19,4431.19,4512.35,4616.9,4733.44,4847.21,4957.25,4965.84
Ethiopia,20,Electricity consumption per capita (kWh),kWh per capita,Electricity,Consumption,,https://africa-energy-portal.org/database,Africa Energy Portal Database,80.02,81.05,81.91,82.92,83.89,84.96,85.75,86.51,87.5,88.47,89.29,90.36,91.28,92.15,93.05,93.91,94.77,95.67,96.69,97.77,98.63,99.53,100.46,101.37,104.99
Gabon,21,Access to electricity (% population),%,Electricity,Access,,https://africa-energy-portal.org/database,Africa Energy Portal Database,31.75,34.08,36.38,39.53,42.78,45.54,47.82,50.73,54.0,57.14,59.37,62.49,65.67,68.34,71.42,74.36,76.55,79.31,82.32,85.45,88.06,91.12,93.51,95.77,93.63
Gabon,21,Electricity generation (GWh),GWh,Electricity,Generation,,https://africa-energy-portal.org/database,Africa Energy Portal Database,1199.93,1256.67,1323.38,1381.15,1430.66,1493.04,1543.6,1595.53,1652.58,1718.96,1783.5,1832.74,1896.74,1965.91,2035.09,2100.52,2165.12,2225.57,2275.12,2329.1,2394.27,2442.12,2502.91,2566.9,2584.55
Gabon,21,Renewable energy share (%),%,Renewable Energy,General,,https://africa-energy-portal.org/database,Africa Energy Portal Database,22.89,23.91,25.01,26.42,27.42,28.63,29.63,30.84,31.91,33.12,34.18,35.6,36.99,38.31,39.29,40.44,41.46,42.7,44.04,45.22,46.59,48.06,49.33,50.34,51.43
Gabon,21,Installed capacity (MW),MW,Energy,Capacity,,https://africa-energy-portal.org/database,Africa Energy Portal Database,326.24,340.64,355.51,371.56,388.97,409.29,429.26,447.81,462.07,478.68,497.19,515.42,535.07,553.93,573.18,589.49,605.9,625.62,642.06,658.49,676.53,694.56,713.69,731.34,719.94
Gabon,21,Electricity consumption per capita (kWh),kWh per capita,Electricity,Consumption,,https://africa-energy-portal.org/database,Africa Energy Portal Database,874.38,888.03,902.27,918.62,931.07,948.86,961.73,978.31,993.5,1009.8,1026.62,1041.93,1054.51,1071.63,1088.95,1104.65,1118.31,1130.36,1143.5,1155.98,1172.37,1184.62,1196.58,1210.7,1229.82
Gambia,22,Access to electricity (% population),%,Electricity,Access,,https://africa-energy-portal.org/database,Africa Energy Portal Database,30.19,31.45,33.09,34.71,36.38,37.64,39.23,40.73,42.5,43.93,45.52,46.92,48.56,49.94,51.21,52.75,54.07,55.54,57.26,59.03,60.79,62.58,63.82,65.36,64.82
Gambia,22,Electricity generation (GWh),GWh,Electricity,Generation,,https://africa-energy-portal.org/database,Africa Energy Portal Database,73.9,77.89,81.31,84.32,87.28,91.17,94.66,97.58,101.56,104.74,107.94,111.88,115.77,118.83,122.74,126.34,129.27,132.09,135.61,139.35,143.51,147.04,149.87,153.07,155.69
Gambia,22,Renewable energy share (%),%,Renewable Energy,General,,https://africa-energy-portal.org/database,Africa Energy Portal Database,4.11,4.32,4.61,4.82,5.05,5.35,5.65,5.87,6.16,6.42,6.67,6.99,7.27,7.56,7.86,8.16,8.41,8.69,9.01,9.28,9.58,9.88,10.13,10.38,10.14
Gambia,22,Installed capacity (MW),MW,Energy,Capacity,,https://africa-energy-portal.org/database,Africa Energy Portal Database,34.73,36.14,37.54,38.91,40.15,41.33,42.45,43.71,44.97,46.2,47.51,48.79,49.93,51.22,52.54,53.58,54.78,56.16,57.51,58.88,60.04,61.21,62.24,63.25,64.24
Gambia,22,Electricity consumption per capita (kWh),kWh per capita,Electricity,Consumption,,https://africa-energy-portal.org/database,Africa Energy Portal Database,66.52,67.6,68.47,69.53,70.44,71.43,72.37,73.41,74.66,75.54,76.81,77.79,79.03,80.15,81.04,82.05,83.13,84.1,85.01,86.0,86.9,88.14,89.09,90.03,93.52
Ghana,23,Access to electricity (% population),%,Electricity,Access,,https://africa-energy-portal.org/database,Africa Energy Portal Database,42.04,43.63,45.19,47.4,49.6,51.76,54.06,56.17,57.86,59.61,61.58,63.64,65.75,67.64,69.41,71.41,73.74,75.63,77.95,80.05,81.76,83.6,85.46,87.43,86.7
Ghana,23,Electricity generation (GWh),GWh,Electricity,Generation,,https://africa-energy-portal.org/database,Africa Energy Portal Database,12460.83,12705.28,12940.73,13250.32,13490.35,13753.62,14017.72,14245.51,14515.75,14799.55,15064.71,15327.14,15553.69,15867.84,16118.43,16345.04,16616.48,16918.28,17199.43,17421.77,17750.61,18018.12,18320.26,18556.16,19149.86
Ghana,23,Renewable energy share (%),%,Renewable Energy,General,,https://africa-energy-portal.org/database,Africa Energy Portal Database,17.32,18.03,18.94,19.75,20.6,21.49,22.22,23.07,23.76,24.51,25.35,26.31,26.96,27.82,28.49,29.29,30.12,30.98,31.72,32.67,33.33,34.16,34.98,35.67,35.38
Ghana,23,Installed capacity (MW),MW,Energy,Capacity,,https://africa-energy-portal.org/database,Africa Energy Portal Database,2256.67,2409.21,2518.12,2673.82,2825.75,2942.83,3075.29,3224.93,3379.17,3487.02,3641.41,3793.94,3906.59,4058.96,4185.2,4294.05,4436.2,4549.15,4692.84,4824.96,4937.32,5062.9,5206.57,5318.38,5359.05
Ghana,23,Electricity consumption per capita (kWh),kWh per capita,Electricity,Consumption,,https://africa-energy-portal.org/database,Africa Energy Portal Database,212.69,219.98,227.25,233.84,240.23,245.56,251.07,256.34,261.98,267.08,273.16,279.51,285.4,290.5,296.56,302.68,308.25,313.61,319.9,325.02,332.26,338.68,345.29,352.63,359.66
Guinea,24,Access to electricity (% population),%,Electricity,Access,,https://africa-energy-portal.org/database,Africa Energy Portal Database,14.75,15.78,16.66,17.58,18.55,19.64,20.43,21.25,22.03,23.11,24.14,25.08,26.1,26.88,27.94,28.73,29.59,30.42,31.37,32.15,33.21,33.99,34.94,35.92,35.47
Guinea,24,Electricity generation (GWh),GWh,Electricity,Generation,,https://africa-energy-portal.org/database,Africa Energy Portal Database,1485.46,1513.53,1548.66,1576.64,1612.91,1641.89,1676.13,1714.55,1748.7,1779.01,1817.21,1855.02,1883.83,1922.74,1958.15,1991.5,2027.4,2056.4,2089.62,2119.38,2152.46,2191.54,2225.28,2257.82,2309.57
Guinea,24,Renewable energy share (%),%,Renewable Energy,General,,https://africa-energy-portal.org/database,Africa Energy Portal Database,36.66,37.94,39.3,40.57,41.86,43.21,44.59,45.66,47.0,48.16,49.44,50.5,51.81,53.09,54.59,55.9,56.98,58.03,59.51,60.56,62.0,63.51,64.96,66.38,66.34
Guinea,24,Installed capacity (MW),MW,Energy,Capacity,,https://africa-energy-portal.org/database,Africa Energy Portal Database,714.23,733.73,751.71,773.28,798.14,824.08,845.29,863.91,882.97,906.41,929.53,949.69,974.05,999.67,1021.35,1047.12,1071.52,1095.04,1115.84,1135.47,1156.5,1175.51,1196.94,1217.1,1258.72
Guinea,24,Electricity consumption per capita (kWh),kWh per capita,Electricity,Consumption,,https://africa-energy-portal.org/database,Africa Energy Portal Database,34.24,35.09,35.9,36.55,37.21,38.06,38.81,39.39,40.0,40.68,41.32,41.94,42.67,43.38,44.03,44.71,45.57,46.26,46.95,47.64,48.25,48.86,49.57,50.31,51.02
Guinea-Bissau,25,Access to electricity (% population),%,Electricity,Access,,https://africa-energy-portal.org/database,Africa Energy Portal Database,20.03,20.58,21.14,21.62,22.25,22.88,23.51,24.05,24.59,25.16,25.83,26.32,26.86,27.51,28.16,28.81,29.47,29.97,30.63,31.15,31.82,32.36,32.84,33.54,33.59
Guinea-Bissau,25,Electricity generation (GWh),GWh,Electricity,Generation,,https://africa-energy-portal.org/database,Africa Energy Portal Database,19.35,20.29,21.25,22.12,23.15,23.98,24.83,25.9,26.72,27.76,28.72,29.48,30.42,31.52,32.29,33.07,34.06,34.94,35.71,36.67,37.62,38.62,39.39,40.15,41.55
Guinea-Bissau,25,Renewable energy share (%),%,Renewable Energy,General,,https://africa-energy-portal.org/database,Africa Energy Portal Database,0.0,0.0,0.0,0.0,0.0,0.0,0.0,0.0,0.0,0.0,0.0,0.0,0.0,0.0,0.0,0.0,0.0,0.0,0.0,0.0,0.0,0.0,0.0,0.0,0.0
Guinea-Bissau,25,Installed capacity (MW),MW,Energy,Capacity,,https://africa-energy-portal.org/database,Africa Energy Portal Database,15.41,15.97,16.57,17.17,17.67,18.13,18.64,19.13,19.73,20.19,20.73,21.35,22.02,22.61,23.08,23.72,24.24,24.88,25.47,26.07,26.57,27.17,27.73,28.26,28.77
Guinea-Bissau,25,Electricity consumption per capita (kWh),kWh per capita,Electricity,Consumption,,https://africa-energy-portal.org/database,Africa Energy Portal Database,15.21,15.73,16.14,16.6,16.99,17.39,17.86,18.34,18.78,19.23,19.72,20.24,20.66,21.15,21.51,22.05,22.5,22.91,23.35,23.81,24.29,24.75,25.25,25.67,25.85
Kenya,26,Access to electricity (% population),%,Electricity,Access,,https://africa-energy-portal.org/database,Africa Energy Portal Database,24.61,26.78,28.87,31.2,33.11,35.76,38.34,40.88,43.1,45.69,48.25,50.67,52.84,54.94,56.78,58.81,61.28,63.74,65.96,68.38,70.5,72.7,74.62,77.0,75.93
Kenya,26,Electricity generation (GWh),GWh,Electricity,Generation,,https://africa-energy-portal.org/database,Africa Energy Portal Database,6209.38,6553.05,6805.49,7036.81,7322.68,7582.26,7870.07,8210.86,8514.14,8757.08,8999.84,9343.98,9630.51,9890.45,10195.24,10503.42,10768.16,11047.02,11287.13,11549.36,11835.39,12127.72,12461.56,12754.61,12900.69
Kenya,26,Renewable energy share (%),%,Renewable Energy,General,,https://africa-energy-portal.org/database,Africa Energy Portal Database,34.2,36.52,38.71,41.12,43.35,46.0,48.43,50.59,53.23,55.39,57.3,59.19,61.46,63.45,66.1,68.12,70.82,73.55,76.18,78.92,80.96,83.65,85.99,88.69,86.17
Kenya,26,Installed capacity (MW),MW,Energy,Capacity,,https://africa-energy-portal.org/database,Africa Energy Portal Database,1541.03,1594.94,1655.64,1720.75,1779.86,1833.58,1894.74,1965.56,2025.13,2089.51,2144.02,2211.84,2266.61,2320.33,2370.58,2436.36,2490.37,2546.04,2611.61,2664.7,2738.66,2794.92,2845.09,2915.21,2983.05
Kenya,26,Electricity consumption per capita (kWh),kWh per capita,Electricity,Consumption,,https://africa-energy-portal.org/database,Africa Energy Portal Database,135.56,137.0,138.28,140.12,141.69,143.12,144.59,145.91,147.19,148.76,150.3,151.87,153.65,155.18,156.9,158.74,160.6,161.9,163.63,165.23,166.51,167.99,169.76,171.53,178.0
Lesotho,27,Access to electricity (% population),%,Electricity,Access,,https://africa-energy-portal.org/database,Africa Energy Portal Database,18.73,20.12,21.51,22.78,24.08,25.19,26.49,27.92,29.02,30.33,31.76,33.01,34.17,35.39,36.88,37.91,39.09,40.61,41.95,43.23,44.55,45.63,46.67,47.77,48.2
Lesotho,27,Electricity generation (GWh),GWh,Electricity,Generation,,https://africa-energy-portal.org/database,Africa Energy Portal Database,400.29,410.28,420.12,428.0,435.43,443.86,452.25,462.56,470.23,480.62,491.47,499.22,507.05,518.02,528.49,537.39,547.14,555.8,566.16,574.5,583.19,591.67,599.89,609.76,619.97
Lesotho,27,Renewable energy share (%),%,Renewable Energy,General,,https://africa-energy-portal.org/database,Africa Energy Portal Database,47.62,49.93,52.15,54.66,57.15,59.8,61.98,64.74,67.13,69.73,71.91,74.68,77.29,80.0,82.76,85.19,87.23,89.27,91.94,94.25,96.88,99.17,100.0,100.0,100.0
Lesotho,27,Installed capacity (MW),MW,Energy,Capacity,,https://africa-energy-portal.org/database,Africa Energy Portal Database,49.23,50.8,52.0,53.54,54.71,55.99,57.55,58.77,60.24,61.62,62.82,64.45,65.74,67.08,68.42,69.78,71.18,72.47,73.9,75.08,76.29,77.66,79.31,80.56,82.13
Lesotho,27,Electricity consumption per capita (kWh),kWh per capita,Electricity,Consumption,,https://africa-energy-portal.org/database,Africa Energy Portal Database,116.9,118.67,119.97,121.72,123.15,124.52,125.84,127.6,129.06,130.68,132.2,133.92,135.15,136.48,137.95,139.27,140.87,142.42,143.66,144.87,146.17,147.75,149.47,151.23,156.03
Liberia,28,Access to electricity (% population),%,Electricity,Access,,https://africa-energy-portal.org/database,Africa Energy Portal Database,16.48,16.99,17.59,18.09,18.6,19.26,19.84,20.47,21.01,21.56,22.07,22.63,23.34,23.92,24.52,25.1,25.84,26.37,27.04,27.55,28.2,28.84,29.39,30.09,30.31
Liberia,28,Electricity generation (GWh),GWh,Electricity,Generation,,https://africa-energy-portal.org/database,Africa Energy Portal Database,233.89,241.41,249.43,256.58,263.48,269.88,277.64,284.28,290.73,297.64,304.08,310.68,317.59,324.8,332.05,339.33,347.14,355.63,363.1,372.08,379.22,386.47,392.72,399.2,414.8
Liberia,28,Renewable energy share (%),%,Renewable Energy,General,,https://africa-energy-portal.org/database,Africa Energy Portal Database,24.94,26.82,28.5,30.03,31.95,33.82,35.39,37.12,38.77,40.69,42.1,43.86,45.76,47.61,49.37,50.76,52.49,53.87,55.58,56.91,58.66,60.52,62.36,63.81,61.05
Liberia,28,Installed capacity (MW),MW,Energy,Capacity,,https://africa-energy-portal.org/database,Africa Energy Portal Database,78.7,80.89,83.14,84.89,86.71,89.06,91.45,93.26,95.75,97.88,100.08,102.27,104.27,106.54,108.9,110.69,112.83,114.9,117.06,119.46,121.85,124.17,126.14,128.22,130.35
Liberia,28,Electricity consumption per capita (kWh),kWh per capita,Electricity,Consumption,,https://africa-energy-portal.org/database,Africa Energy Portal Database,21.26,22.23,23.24,24.11,25.04,25.79,26.64,27.48,28.18,28.92,29.76,30.77,31.75,32.57,33.57,34.5,35.3,36.21,37.08,37.95,38.91,39.91,40.61,41.49,41.32
Libya,29,Access to electricity (% population),%,Electricity,Access,,https://africa-energy-portal.org/database,Africa Energy Portal Database,34.19,35.63,37.17,38.55,39.95,41.43,42.96,44.78,46.45,48.0,49.76,51.24,52.88,54.6,56.26,58.15,59.75,61.52,63.35,64.94,66.63,68.2,69.85,71.53,71.41
Libya,29,Electricity generation (GWh),GWh,Electricity,Generation,,https://africa-energy-portal.org/database,Africa Energy Portal Database,17268.56,18227.3,19270.34,20131.48,20976.52,22044.41,22801.04,23750.53,24736.09,25627.9,26430.59,27321.65,28259.95,29144.62,30007.85,30779.44,31689.53,32729.12,33835.29,34775.67,35814.2,36777.59,37698.73,38682.89,39180.57
Libya,29,Renewable energy share (%),%,Renewable Energy,General,,https://africa-energy-portal.org/database,Africa Energy Portal Database,0.0,0.0,0.0,0.0,0.0,0.0,0.0,0.0,0.0,0.0,0.0,0.0,0.0,0.0,0.0,0.0,0.0,0.0,0.0,0.0,0.0,0.0,0.0,0.0,0.0
Libya,29,Installed capacity (MW),MW,Energy,Capacity,,https://africa-energy-portal.org/database,Africa Energy Portal Database,4701.77,5005.64,5223.18,5441.76,5705.02,5986.46,6262.72,6487.09,6758.93,7026.43,7320.86,7550.13,7845.5,8074.78,8388.22,8651.39,8923.91,9146.14,9371.57,9623.44,9887.89,10177.63,10389.51,10655.47,11015.27
Libya,29,Electricity consumption per capita (kWh),kWh per capita,Electricity,Consumption,,https://africa-energy-portal.org/database,Africa Energy Portal Database,2263.2,2337.81,2430.92,2519.64,2625.21,2720.45,2806.76,2909.25,2986.56,3070.23,3155.59,3251.3,3338.35,3409.81,3511.18,3605.11,3687.48,3786.93,3888.63,3991.55,4071.11,4148.02,4234.95,4309.17,4399.36
Madagascar,30,Access to electricity (% population),%,Electricity,Access,,https://africa-energy-portal.org/database,Africa Energy Portal Database,17.56,18.34,19.17,19.89,20.46,21.22,21.93,22.71,23.43,24.05,24.65,25.22,25.79,26.45,27.19,27.86,28.55,29.26,29.96,30.69,31.26,31.88,32.62,33.2,33.46
Madagascar,30,Electricity generation (GWh),GWh,Electricity,Generation,,https://africa-energy-portal.org/database,Africa Energy Portal Database,939.11,974.56,1020.79,1061.9,1105.35,1141.83,1185.4,1225.45,1263.89,1302.92,1336.88,1381.92,1419.43,1462.09,1508.04,1543.03,1587.43,1628.16,1674.37,1715.45,1752.58,1792.36,1836.49,1870.57,1852.73
Madagascar,30,Renewable energy share (%),%,Renewable Energy,General,,https://africa-energy-portal.org/database,Africa Energy Portal Database,27.35,28.91,30.11,31.69,33.28,34.63,36.19,37.64,39.4,40.84,42.1,43.66,45.03,46.35,48.12,49.71,50.97,52.31,53.69,55.31,56.8,58.12,59.7,61.22,61.29
Madagascar,30,Installed capacity (MW),MW,Energy,Capacity,,https://africa-energy-portal.org/database,Africa Energy Portal Database,330.7,347.92,364.64,380.94,394.86,410.96,428.59,446.89,459.28,471.91,488.02,505.46,523.14,540.03,557.04,571.74,588.21,601.6,615.59,632.04,647.16,660.0,672.95,691.01,689.84
Madagascar,30,Electricity consumption per capita (kWh),kWh per capita,Electricity,Consumption,,https://africa-energy-portal.org/database,Africa Energy Portal Database,39.81,40.31,40.81,41.35,41.77,42.22,42.6,43.12,43.56,44.04,44.43,44.87,45.32,45.74,46.13,46.53,47.05,47.47,47.85,48.31,48.69,49.24,49.73,50.28,51.09
Malawi,31,Access to electricity (% population),%,Electricity,Access,,https://africa-energy-portal.org/database,Africa Energy Portal Database,5.04,5.5,5.98,6.52,7.0,7.38,7.75,8.28,8.67,9.2,9.65,10.09,10.5,10.99,11.42,11.82,12.34,12.87,13.27,13.76,14.22,14.76,15.15,15.61,15.19
Malawi,31,Electricity generation (GWh),GWh,Electricity,Generation,,https://africa-energy-portal.org/database,Africa Energy Portal Database,831.99,860.46,890.13,914.66,943.08,969.51,999.72,1030.55,1060.12,1088.52,1116.37,1145.09,1172.76,1208.2,1236.12,1269.94,1299.13,1328.46,1357.81,1387.28,1416.89,1449.3,1481.91,1509.4,1563.46
Malawi,31,Renewable energy share (%),%,Renewable Energy,General,,https://africa-energy-portal.org/database,Africa Energy Portal Database,46.0,47.67,49.62,51.92,54.26,56.6,58.94,61.0,62.92,64.79,66.5,68.79,70.54,72.57,74.3,76.13,77.84,80.08,82.07,84.2,86.52,88.63,91.02,92.97,91.85
Malawi,31,Installed capacity (MW),MW,Energy,Capacity,,https://africa-energy-portal.org/database,Africa Energy Portal Database,214.9,221.6,227.1,234.86,242.67,250.0,257.47,264.99,272.0,279.18,286.0,292.01,298.4,304.99,312.4,318.99,326.56,332.83,339.73,346.5,351.88,359.1,366.37,374.17,368.0
Malawi,31,Electricity consumption per capita (kWh),kWh per capita,Electricity,Consumption,,https://africa-energy-portal.org/database,Africa Energy Portal Database,39.54,40.88,42.09,43.67,44.99,46.57,47.98,49.52,51.05,52.57,54.04,55.36,56.55,58.02,59.21,60.42,62.0,63.48,64.93,66.3,67.48,68.8,70.02,71.16,72.18
Mali,32,Access to electricity (% population),%,Electricity,Access,,https://africa-energy-portal.org/database,Africa Energy Portal Database,25.56,26.59,27.52,28.78,29.99,30.95,32.04,33.05,34.26,35.19,36.47,37.7,39.01,40.27,41.42,42.6,43.59,44.61,45.93,46.93,48.2,49.43,50.52,51.59,51.18
Mali,32,Electricity generation (GWh),GWh,Electricity,Generation,,https://africa-energy-portal.org/database,Africa Energy Portal Database,1335.63,1400.56,1477.78,1543.05,1606.11,1677.33,1731.0,1808.95,1881.01,1955.26,2028.5,2090.8,2153.99,2221.21,2284.47,2342.8,2396.6,2466.25,2530.7,2591.1,2652.04,2712.15,2785.16,2851.88,2856.05
Mali,32,Renewable energy share (%),%,Renewable Energy,General,,https://africa-energy-portal.org/database,Africa Energy Portal Database,19.97,21.69,23.3,24.66,26.04,27.49,29.14,30.48,32.05,33.75,35.16,36.71,38.6,40.28,41.65,43.37,44.7,46.32,48.19,49.92,51.56,53.0,54.34,55.89,55.84
Mali,32,Installed capacity (MW),MW,Energy,Capacity,,https://africa-energy-portal.org/database,Africa Energy Portal Database,376.54,384.44,392.86,401.71,410.4,419.5,430.85,441.01,451.94,460.66,470.64,481.64,491.51,502.82,512.3,522.71,530.68,541.54,551.13,561.49,571.37,581.5,592.7,601.33,604.6
Mali,32,Electricity consumption per capita (kWh),kWh per capita,Electricity,Consumption,,https://africa-energy-portal.org/database,Africa Energy Portal Database,32.82,34.0,35.06,36.25,37.51,38.88,40.35,41.41,42.86,43.99,45.27,46.53,47.81,49.11,50.35,51.54,52.58,53.69,54.71,55.97,57.17,58.33,59.57,60.74,62.59
Mauritania,33,Access to electricity (% population),%,Electricity,Access,,https://africa-energy-portal.org/database,Africa Energy Portal Database,20.58,22.05,23.53,24.95,26.08,27.4,28.83,30.09,31.32,32.56,33.91,35.28,36.43,37.67,38.96,40.28,41.6,42.84,43.97,45.42,46.5,47.84,49.2,50.33,48.84
Mauritania,33,Electricity generation (GWh),GWh,Electricity,Generation,,https://africa-energy-portal.org/database,Africa Energy Portal Database,759.39,787.19,812.81,835.22,856.0,879.93,906.84,927.98,952.59,974.03,998.58,1021.97,1051.41,1076.6,1105.02,1133.99,1157.46,1178.59,1207.78,1235.54,1262.54,1291.84,1313.59,1340.6,1345.67
Mauritania,33,Renewable energy share (%),%,Renewable Energy,General,,https://africa-energy-portal.org/database,Africa Energy Portal Database,16.24,17.14,18.16,19.17,19.99,20.67,21.47,22.26,23.0,23.8,24.59,25.38,26.17,26.93,27.89,28.87,29.55,30.26,31.04,31.94,32.83,33.78,34.49,35.18,35.44
Mauritania,33,Installed capacity (MW),MW,Energy,Capacity,,https://africa-energy-portal.org/database,Africa Energy Portal Database,248.33,255.99,263.47,272.75,279.4,288.01,294.73,303.89,311.01,318.81,325.59,334.76,342.92,352.14,360.41,369.04,375.33,381.69,389.79,397.31,403.77,410.16,418.01,426.16,430.4
Mauritania,33,Electricity consumption per capita (kWh),kWh per capita,Electricity,Consumption,,https://africa-energy-portal.org/database,Africa Energy Portal Database,88.63,89.82,91.46,92.73,94.06,95.66,96.9,98.52,99.85,101.3,102.73,104.1,105.8,107.06,108.7,110.15,111.72,113.33,114.66,116.1,117.41,118.74,120.21,121.54,123.69
Mauritius,34,Access to electricity (% population),%,Electricity,Access,,https://africa-energy-portal.org/database,Africa Energy Portal Database,37.59,40.01,43.13,45.92,48.35,51.71,53.97,56.58,58.87,61.62,64.83,67.93,70.3,73.42,76.45,79.37,81.79,84.43,87.33,89.7,93.03,96.11,99.46,100.0,100.0
Mauritius,34,Electricity generation (GWh),GWh,Electricity,Generation,,https://africa-energy-portal.org/database,Africa Energy Portal Database,1590.08,1656.35,1720.83,1783.77,1844.04,1905.38,1965.53,2036.04,2096.2,2156.92,2244.12,2315.03,2391.81,2478.0,2554.94,2633.0,2711.86,2782.68,2860.85,2919.84,2990.49,3075.97,3152.9,3233.83,3293.48
Mauritius,34,Renewable energy share (%),%,Renewable Energy,General,,https://africa-energy-portal.org/database,Africa Energy Portal Database,10.63,11.07,11.49,12.03,12.59,13.08,13.56,14.03,14.49,15.01,15.46,15.95,16.37,16.86,17.32,17.85,18.27,18.84,19.3,19.78,20.36,20.96,21.4,21.94,22.27
Mauritius,34,Installed capacity (MW),MW,Energy,Capacity,,https://africa-energy-portal.org/database,Africa Energy Portal Database,494.62,514.78,535.57,557.41,577.83,596.4,611.9,633.62,649.79,670.78,687.4,708.53,725.96,746.5,764.45,782.39,800.5,819.44,839.53,861.78,878.85,895.51,911.92,930.73,930.78
Mauritius,34,Electricity consumption per capita (kWh),kWh per capita,Electricity,Consumption,,https://africa-energy-portal.org/database,Africa Energy Portal Database,1142.89,1187.63,1225.83,1273.74,1325.6,1363.47,1403.6,1448.08,1488.71,1525.62,1563.57,1607.47,1644.2,1679.76,1722.57,1762.06,1805.15,1840.71,1889.85,1930.46,1978.19,2014.49,2059.12,2107.56,2149.93
Morocco,35,Access to electricity (% population),%,Electricity,Access,,https://africa-energy-portal.org/database,Africa Energy Portal Database,42.29,45.05,47.65,50.19,53.11,55.4,58.04,60.4,62.64,65.41,68.02,70.8,73.29,75.71,78.71,81.47,83.6,86.74,89.74,92.21,95.12,98.02,100.0,100.0,100.0
Morocco,35,Electricity generation (GWh),GWh,Electricity,Generation,,https://africa-energy-portal.org/database,Africa Energy Portal Database,20296.59,21149.51,22010.91,22921.61,23774.16,24440.67,25242.77,25933.38,26671.75,27619.46,28582.37,29334.11,30207.46,31133.77,31943.55,32929.08,33739.09,34421.89,35083.25,36034.26,36983.52,37940.26,38673.21,39395.9,39969.71
Morocco,35,Renewable energy share (%),%,Renewable Energy,General,,https://africa-energy-portal.org/database,Africa Energy Portal Database,7.93,8.52,9.04,9.63,10.14,10.67,11.16,11.69,12.23,12.89,13.5,14.14,14.74,15.38,16.0,16.52,16.96,17.62,18.12,18.73,19.19,19.75,20.37,20.87,20.48
Morocco,35,Installed capacity (MW),MW,Energy,Capacity,,https://africa-energy-portal.org/database,Africa Energy Portal Database,5426.99,5713.81,6000.78,6207.17,6501.92,6790.46,7050.92,7331.1,7549.17,7813.16,8073.97,8319.4,8577.64,8790.44,9081.87,9285.59,9492.07,9737.8,10007.95,10238.82,10503.29,10748.14,10979.43,11186.56,11366.77
Morocco,35,Electricity consumption per capita (kWh),kWh per capita,Electricity,Consumption,,https://africa-energy-portal.org/database,Africa Energy Portal Database,552.3,566.22,583.99,599.6,616.48,634.31,649.23,667.26,686.31,703.39,719.77,734.75,751.52,769.39,787.39,801.14,818.69,835.98,850.27,867.59,886.07,903.31,916.39,933.01,939.53
Mozambique,36,Access to electricity (% population),%,Electricity,Access,,https://africa-energy-portal.org/database,Africa Energy Portal Database,13.9,14.59,15.28,16.15,16.9,17.71,18.6,19.51,20.22,21.04,21.93,22.61,23.49,24.26,25.0,25.88,26.59,27.43,28.31,28.94,29.61,30.37,31.0,31.69,31.53
Mozambique,36,Electricity generation (GWh),GWh,Electricity,Generation,,https://africa-energy-portal.org/database,Africa Energy Portal Database,10951.51,11427.66,11789.22,12172.54,12521.83,12990.79,13472.64,13846.19,14366.37,14857.75,15326.51,15820.34,16291.51,16653.03,17108.02,17575.02,18001.16,18521.17,19022.39,19480.23,19944.87,20382.86,20882.02,21335.82,21147.71
Mozambique,36,Renewable energy share (%),%,Renewable Energy,General,,https://africa-energy-portal.org/database,Africa Energy Portal Database,48.88,50.3,51.88,53.59,54.97,56.55,58.0,59.7,61.48,63.05,64.63,65.94,67.3,68.74,70.32,72.11,73.76,75.66,77.47,79.12,80.6,82.09,83.63,85.53,87.17
Mozambique,36,Installed capacity (MW),MW,Energy,Capacity,,https://africa-energy-portal.org/database,Africa Energy Portal Database,1433.34,1501.32,1562.68,1613.67,1663.04,1720.8,1770.68,1835.12,1885.16,1952.73,2021.92,2072.49,2130.05,2196.25,2266.72,2326.14,2387.71,2446.61,2513.22,2574.77,2640.86,2697.98,2757.51,2812.33,2900.85
Mozambique,36,Electricity consumption per capita (kWh),kWh per capita,Electricity,Consumption,,https://africa-energy-portal.org/database,Africa Energy Portal Database,44.85,46.39,48.03,49.3,50.81,52.53,53.88,55.63,56.96,58.38,60.22,61.66,63.13,65.02,66.41,68.16,69.49,71.18,72.75,74.09,75.42,77.26,78.89,80.18,83.32
Namibia,37,Access to electricity (% population),%,Electricity,Access,,https://africa-energy-portal.org/database,Africa Energy Portal Database,19.77,21.73,23.39,24.83,26.19,27.75,29.58,31.26,32.89,34.68,36.21,37.59,39.13,40.64,42.37,43.86,45.2,47.04,48.95,50.85,52.63,54.09,56.02,57.73,57.61
Namibia,37,Electricity generation (GWh),GWh,Electricity,Generation,,https://africa-energy-portal.org/database,Africa Energy Portal Database,1116.09,1148.21,1174.18,1208.78,1243.78,1280.61,1313.89,1348.78,1376.4,1407.59,1434.84,1465.64,1502.7,1535.58,1561.99,1588.33,1617.89,1646.52,1676.32,1703.14,1735.38,1767.94,1796.66,1830.65,1865.88
Namibia,37,Renewable energy share (%),%,Renewable Energy,General,,https://africa-energy-portal.org/database,Africa Energy Portal Database,13.5,14.51,15.61,16.66,17.72,18.94,20.07,21.34,22.61,23.89,25.34,26.62,28.0,29.41,30.61,31.7,32.72,33.78,35.1,36.15,37.19,38.54,39.61,40.74,41.02
Namibia,37,Installed capacity (MW),MW,Energy,Capacity,,https://africa-energy-portal.org/database,Africa Energy Portal Database,324.67,338.88,351.46,364.01,377.52,392.77,406.99,419.96,432.95,449.75,464.43,480.88,495.29,511.85,528.33,542.16,556.34,573.44,588.4,600.89,612.85,624.49,641.23,657.78,669.92
Namibia,37,Electricity consumption per capita (kWh),kWh per capita,Electricity,Consumption,,https://africa-energy-portal.org/database,Africa Energy Portal Database,471.34,488.84,501.17,517.06,530.54,548.28,563.47,577.05,592.12,604.97,617.45,632.12,647.17,659.7,676.58,689.64,706.51,724.26,740.83,758.48,773.87,786.85,801.27,815.87,818.76
Niger,38,Access to electricity (% population),%,Electricity,Access,,https://africa-energy-portal.org/database,Africa Energy Portal Database,7.35,7.98,8.6,9.18,9.7,10.22,10.74,11.27,11.77,12.2,12.65,13.18,13.78,14.33,14.94,15.42,15.91,16.49,17.1,17.71,18.22,18.84,19.27,19.72,19.39
Niger,38,Electricity generation (GWh),GWh,Electricity,Generation,,https://africa-energy-portal.org/database,Africa Energy Portal Database,306.67,321.84,332.82,347.75,361.29,373.68,388.32,401.76,415.23,426.75,437.85,449.61,462.21,477.57,491.38,503.28,516.97,528.99,544.47,558.92,569.96,584.97,598.65,613.14,624.34
Niger,38,Renewable energy share (%),%,Renewable Energy,General,,https://africa-energy-portal.org/database,Africa Energy Portal Database,0.0,0.0,0.0,0.0,0.0,0.0,0.0,0.0,0.0,0.0,0.0,0.0,0.0,0.0,0.0,0.0,0.0,0.0,0.0,0.0,0.0,0.0,0.0,0.0,0.0
Niger,38,Installed capacity (MW),MW,Energy,Capacity,,https://africa-energy-portal.org/database,Africa Energy Portal Database,99.05,105.47,111.54,117.81,122.46,128.43,134.54,139.62,145.42,152.14,158.48,164.17,169.75,174.97,180.48,185.83,192.01,198.74,204.64,210.57,215.58,222.05,226.74,231.93,233.23
Niger,38,Electricity consumption per capita (kWh),kWh per capita,Electricity,Consumption,,https://africa-energy-portal.org/database,Africa Energy Portal Database,37.92,38.4,39.0,39.59,40.23,40.88,41.36,42.0,42.47,42.98,43.53,44.0,44.65,45.3,45.79,46.42,47.02,47.67,48.17,48.62,49.14,49.79,50.25,50.71,51.39
Nigeria,39,Access to electricity (% population),%,Electricity,Access,,https://africa-energy-portal.org/database,Africa Energy Portal Database,23.01,24.35,25.79,27.47,28.77,30.23,31.5,32.93,34.37,35.82,37.4,38.99,40.43,42.06,43.44,45.01,46.61,48.13,49.76,51.29,52.68,54.26,55.71,57.12,56.51
Nigeria,39,Electricity generation (GWh),GWh,Electricity,Generation,,https://africa-energy-portal.org/database,Africa Energy Portal Database,17804.01,18517.39,19400.98,20178.64,20995.5,21929.51,22736.5,23419.81,24125.9,25089.81,25939.31,26933.22,27682.43,28585.6,29520.79,30312.64,31053.81,31764.74,32748.25,33615.97,34301.55,35144.41,35863.58,36854.95,37452.34
Nigeria,39,Renewable energy share (%),%,Renewable Energy,General,,https://africa-energy-portal.org/database,Africa Energy Portal Database,7.68,8.13,8.58,9.23,9.83,10.41,11.01,11.56,12.11,12.69,13.25,13.74,14.25,14.8,15.29,15.92,16.37,16.93,17.55,18.07,18.68,19.16,19.7,20.18,20.48
Nigeria,39,Installed capacity (MW),MW,Energy,Capacity,,https://africa-energy-portal.org/database,Africa Energy Portal Database,6496.65,6846.63,7162.99,7436.58,7749.81,8019.84,8332.82,8626.83,8905.58,9187.59,9435.86,9689.27,9927.16,10241.9,10524.03,10821.5,11130.92,11405.99,11737.6,11986.87,12333.93,12643.66,12967.88,13315.07,13350.04
Nigeria,39,Electricity consumption per capita (kWh),kWh per capita,Electricity,Consumption,,https://africa-energy-portal.org/database,Africa Energy Portal Database,108.27,109.99,112.27,113.86,115.94,118.17,119.88,121.78,123.48,125.2,126.97,128.58,130.79,132.84,134.84,136.44,138.3,140.05,141.58,143.75,145.35,147.45,149.11,150.92,155.94
Rwanda,40,Access to electricity (% population),%,Electricity,Access,,https://africa-energy-portal.org/database,Africa Energy Portal Database,26.56,27.77,28.9,30.29,31.5,32.7,33.94,35.19,36.16,37.29,38.45,39.71,40.93,42.27,43.63,44.66,45.91,47.16,48.22,49.31,50.28,51.29,52.66,54.07,54.29
Rwanda,40,Electricity generation (GWh),GWh,Electricity,Generation,,https://africa-energy-portal.org/database,Africa Energy Portal Database,621.26,652.96,677.97,709.46,736.29,760.59,782.17,811.93,837.48,862.4,887.22,913.56,934.97,964.93,990.36,1015.31,1037.41,1066.46,1090.98,1115.42,1136.73,1159.04,1181.21,1207.63,1243.9
Rwanda,40,Renewable energy share (%),%,Renewable Energy,General,,https://africa-energy-portal.org/database,Africa Energy Portal Database,29.86,31.26,32.79,34.09,35.25,36.62,37.98,39.31,40.54,41.76,43.4,44.83,46.38,47.76,48.95,50.47,51.93,53.21,54.33,55.45,56.8,57.92,59.49,60.62,61.22
Rwanda,40,Installed capacity (MW),MW,Energy,Capacity,,https://africa-energy-portal.org/database,Africa Energy Portal Database,98.34,103.96,109.86,115.87,120.89,126.03,131.12,137.5,142.43,147.71,154.03,159.61,164.23,168.65,174.73,179.91,184.32,188.8,193.86,200.23,205.41,210.08,215.25,221.22,228.49
Rwanda,40,Electricity consumption per capita (kWh),kWh per capita,Electricity,Consumption,,https://africa-energy-portal.org/database,Africa Energy Portal Database,33.34,34.07,34.85,35.48,36.15,36.98,37.72,38.53,39.38,40.2,40.88,41.71,42.48,43.1,43.89,44.55,45.45,46.25,47.04,47.95,48.78,49.68,50.43,51.33,51.57
São Tomé and Príncipe,41,Access to electricity (% population),%,Electricity,Access,,https://africa-energy-portal.org/database,Africa Energy Portal Database,32.42,34.31,36.14,37.83,40.27,42.31,44.23,46.23,48.61,50.93,53.23,55.02,57.24,59.5,61.9,63.75,65.69,67.7,69.88,71.94,73.71,75.74,78.15,79.85,80.0
São Tomé and Príncipe,41,Electricity generation (GWh),GWh,Electricity,Generation,,https://africa-energy-portal.org/database,Africa Energy Portal Database,40.84,42.39,43.6,44.79,46.31,47.55,48.79,49.89,51.48,53.04,54.15,55.67,56.79,58.13,59.43,60.99,62.36,63.44,64.85,65.97,67.14,68.36,69.86,71.25,72.81
São Tomé and Príncipe,41,Renewable energy share (%),%,Renewable Energy,General,,https://africa-energy-portal.org/database,Africa Energy Portal Database,7.2,7.67,8.16,8.74,9.42,9.93,10.47,11.11,11.6,12.22,12.78,13.3,13.88,14.56,15.14,15.83,16.45,17.04,17.66,18.17,18.69,19.24,19.87,20.42,20.28
São Tomé and Príncipe,41,Installed capacity (MW),MW,Energy,Capacity,,https://africa-energy-portal.org/database,Africa Energy Portal Database,15.39,16.38,17.25,18.24,18.97,19.74,20.55,21.53,22.54,23.27,24.04,24.83,25.8,26.62,27.61,28.54,29.45,30.44,31.4,32.34,33.05,33.79,34.61,35.31,35.38
São Tomé and Príncipe,41,Electricity consumption per capita (kWh),kWh per capita,Electricity,Consumption,,https://africa-energy-portal.org/database,Africa Energy Portal Database,154.7,156.36,158.04,160.23,162.21,164.26,166.42,168.64,171.07,173.33,175.45,177.42,179.63,182.04,184.46,186.3,188.11,190.5,192.84,195.12,197.49,199.76,202.21,204.45,204.99
Senegal,42,Access to electricity (% population),%,Electricity,Access,,https://africa-energy-portal.org/database,Africa Energy Portal Database,32.12,33.96,35.53,37.62,39.09,40.88,42.67,44.41,46.14,48.09,49.74,51.53,53.06,54.91,56.36,57.83,59.42,60.96,62.56,64.15,65.96,67.93,69.68,71.51,72.92
Senegal,42,Electricity generation (GWh),GWh,Electricity,Generation,,https://africa-energy-portal.org/database,Africa Energy Portal Database,2699.46,2805.67,2945.89,3097.0,3208.97,3354.61,3493.45,3611.95,3751.58,3897.43,4046.28,4159.12,4293.06,4433.7,4582.42,4704.76,4822.21,4968.63,5076.64,5224.35,5345.57,5466.77,5609.88,5741.62,5731.47
Senegal,42,Renewable energy share (%),%,Renewable Energy,General,,https://africa-energy-portal.org/database,Africa Energy Portal Database,14.33,14.87,15.33,15.83,16.3,16.76,17.29,17.84,18.23,18.73,19.29,19.7,20.1,20.67,21.19,21.59,22.14,22.64,23.22,23.66,24.13,24.55,24.95,25.5,25.37
Senegal,42,Installed capacity (MW),MW,Energy,Capacity,,https://africa-energy-portal.org/database,Africa Energy Portal Database,820.57,843.86,864.99,882.97,900.73,923.78,947.73,972.69,996.61,1022.52,1044.15,1069.6,1094.66,1120.34,1138.05,1155.77,1181.46,1204.25,1222.57,1244.5,1262.34,1288.13,1305.54,1330.83,1348.27
Senegal,42,Electricity consumption per capita (kWh),kWh per capita,Electricity,Consumption,,https://africa-energy-portal.org/database,Africa Energy Portal Database,131.97,136.22,140.1,143.85,148.35,152.41,156.77,161.54,165.37,170.47,175.37,180.35,185.68,190.67,195.28,199.09,202.74,206.94,210.69,215.28,219.45,223.53,227.76,232.54,241.27
Seychelles,43,Access to electricity (% population),%,Electricity,Access,,https://africa-energy-portal.org/database,Africa Energy Portal Database,61.45,62.97,64.43,65.87,67.73,69.47,71.45,73.18,75.16,76.78,78.39,80.34,82.4,84.37,85.86,87.72,89.2,90.82,92.74,94.3,95.72,97.7,99.14,100.0,100.0
Seychelles,43,Electricity generation (GWh),GWh,Electricity,Generation,,https://africa-energy-portal.org/database,Africa Energy Portal Database,270.89,276.88,281.62,288.2,293.41,300.13,306.76,311.49,318.51,325.03,331.09,337.56,344.16,351.01,357.46,362.6,367.43,373.13,378.09,383.8,388.71,395.19,400.57,406.39,419.75
Seychelles,43,Renewable energy share (%),%,Renewable Energy,General,,https://africa-energy-portal.org/database,Africa Energy Portal Database,3.07,3.14,3.24,3.34,3.43,3.53,3.64,3.73,3.8,3.88,3.98,4.07,4.17,4.25,4.33,4.43,4.53,4.62,4.7,4.78,4.86,4.93,5.02,5.12,5.11
Seychelles,43,Installed capacity (MW),MW,Energy,Capacity,,https://africa-energy-portal.org/database,Africa Energy Portal Database,58.02,59.44,60.93,62.72,64.14,65.91,67.36,68.76,70.19,71.9,73.51,75.08,76.93,78.37,79.93,81.48,83.03,84.9,86.92,88.43,90.23,91.71,93.25,94.69,99.24
Seychelles,43,Electricity consumption per capita (kWh),kWh per capita,Electricity,Consumption,,https://africa-energy-portal.org/database,Africa Energy Portal Database,1767.85,1801.57,1836.57,1866.24,1904.09,1933.87,1963.98,1995.23,2029.62,2057.84,2093.6,2131.19,2167.43,2202.96,2238.13,2266.23,2300.89,2331.89,2362.31,2397.15,2424.24,2453.55,2491.59,2520.78,2621.27
Sierra Leone,44,Access to electricity (% population),%,Electricity,Access,,https://africa-energy-portal.org/database,Africa Energy Portal Database,15.93,16.42,16.84,17.39,17.8,18.19,18.72,19.12,19.59,20.1,20.57,21.0,21.52,21.95,22.43,22.82,23.31,23.78,24.33,24.7,25.19,25.69,26.23,26.68,26.34
Sierra Leone,44,Electricity generation (GWh),GWh,Electricity,Generation,,https://africa-energy-portal.org/database,Africa Energy Portal Database,185.3,190.0,195.46,200.28,205.85,210.73,216.63,221.82,227.51,233.73,238.61,243.31,248.2,252.68,257.8,263.72,268.1,274.3,279.53,285.62,291.17,295.54,301.22,305.78,312.89
Sierra Leone,44,Renewable energy share (%),%,Renewable Energy,General,,https://africa-energy-portal.org/database,Africa Energy Portal Database,30.94,32.73,34.16,35.79,37.22,39.07,40.43,41.69,42.94,44.22,45.86,47.11,48.47,49.94,51.24,52.52,53.82,55.43,57.26,59.07,60.72,62.55,64.33,65.89,66.33
Sierra Leone,44,Installed capacity (MW),MW,Energy,Capacity,,https://africa-energy-portal.org/database,Africa Energy Portal Database,72.66,77.28,80.88,84.62,88.63,93.15,97.18,101.89,106.21,109.74,113.04,116.24,120.64,124.56,128.38,132.2,135.92,140.67,145.4,149.39,153.16,157.93,162.47,165.83,165.57
Sierra Leone,44,Electricity consumption per capita (kWh),kWh per capita,Electricity,Consumption,,https://africa-energy-portal.org/database,Africa Energy Portal Database,31.07,31.43,31.79,32.17,32.57,33.06,33.51,33.95,34.33,34.73,35.2,35.55,35.88,36.24,36.69,37.16,37.54,38.02,38.38,38.86,39.24,39.59,40.0,40.34,41.83
Somalia,45,Access to electricity (% population),%,Electricity,Access,,https://africa-energy-portal.org/database,Africa Energy Portal Database,18.84,20.27,21.42,22.51,23.93,25.02,26.62,28.24,29.53,30.86,31.99,33.6,35.16,36.33,37.59,39.03,40.59,41.94,43.09,44.45,45.61,46.72,48.02,49.18,49.58
Somalia,45,Electricity generation (GWh),GWh,Electricity,Generation,,https://africa-energy-portal.org/database,Africa Energy Portal Database,233.7,239.57,244.29,249.47,255.15,259.73,264.52,268.9,274.02,278.56,283.85,288.43,293.95,299.32,304.63,310.99,316.06,321.0,326.48,331.86,337.57,343.04,349.03,354.88,366.84
Somalia,45,Renewable energy share (%),%,Renewable Energy,General,,https://africa-energy-portal.org/database,Africa Energy Portal Database,0.0,0.0,0.0,0.0,0.0,0.0,0.0,0.0,0.0,0.0,0.0,0.0,0.0,0.0,0.0,0.0,0.0,0.0,0.0,0.0,0.0,0.0,0.0,0.0,0.0
Somalia,45,Installed capacity (MW),MW,Energy,Capacity,,https://africa-energy-portal.org/database,Africa Energy Portal Database,51.28,52.42,53.49,54.67,55.76,56.92,58.17,59.36,60.51,61.7,62.98,64.16,65.25,66.81,67.95,69.52,70.66,72.1,73.62,75.13,76.36,77.82,78.88,79.98,83.86
Somalia,45,Electricity consumption per capita (kWh),kWh per capita,Electricity,Consumption,,https://africa-energy-portal.org/database,Africa Energy Portal Database,18.89,19.43,19.88,20.38,20.97,21.45,21.92,22.45,22.89,23.38,23.97,24.48,24.98,25.55,26.04,26.5,26.97,27.54,28.15,28.71,29.22,29.78,30.38,30.92,31.07
South Africa,46,Access to electricity (% population),%,Electricity,Access,,https://africa-energy-portal.org/database,Africa Energy Portal Database,34.9,37.18,39.16,41.76,43.8,45.97,47.86,49.9,52.22,54.92,57.46,59.62,61.71,64.2,66.04,67.88,70.03,72.55,75.09,77.69,80.4,82.44,84.9,87.42,87.51
South Africa,46,Electricity generation (GWh),GWh,Electricity,Generation,,https://africa-energy-portal.org/database,Africa Energy Portal Database,106835.15,112990.8,118544.67,125083.45,131738.08,137826.62,144401.18,149437.66,154513.09,159824.42,164658.49,171500.6,177074.45,182981.52,187682.39,193183.2,199125.77,203805.87,210335.65,216863.96,221807.96,227923.55,233527.54,238393.33,245373.25
South Africa,46,Renewable energy share (%),%,Renewable Energy,General,,https://africa-energy-portal.org/database,Africa Energy Portal Database,5.81,5.99,6.16,6.33,6.54,6.74,6.94,7.12,7.3,7.52,7.74,7.96,8.16,8.38,8.61,8.82,9.03,9.19,9.35,9.57,9.75,9.98,10.2,10.41,10.1
South Africa,46,Installed capacity (MW),MW,Energy,Capacity,,https://africa-energy-portal.org/database,Africa Energy Portal Database,35697.12,36755.07,37836.05,38854.36,39834.24,40867.35,41731.35,42564.43,43732.07,44916.86,45868.12,46876.57,47910.29,48835.34,49739.55,50653.58,51695.04,52635.99,53655.33,54710.87,55820.55,56748.69,57646.15,58852.59,60319.55
South Africa,46,Electricity consumption per capita (kWh),kWh per capita,Electricity,Consumption,,https://africa-energy-portal.org/database,Africa Energy Portal Database,2838.35,2906.07,2960.86,3027.96,3100.56,3156.73,3227.41,3294.63,3361.98,3417.05,3479.81,3539.71,3590.05,3646.18,3699.22,3758.22,3828.7,3893.04,3961.8,4019.22,4078.39,4146.32,4208.9,4263.5,4384.3
South Sudan,47,Access to electricity (% population),%,Electricity,Access,,https://africa-energy-portal.org/database,Africa Energy Portal Database,3.84,3.97,4.11,4.23,4.36,4.5,4.65,4.78,4.93,5.1,5.26,5.42,5.56,5.71,5.86,6.0,6.12,6.24,6.39,6.55,6.67,6.84,6.99,7.15,7.07
South Sudan,47,Electricity generation (GWh),GWh,Electricity,Generation,,https://africa-energy-portal.org/database,Africa Energy Portal Database,66.65,69.13,71.48,73.61,75.94,78.37,80.72,83.43,85.52,88.06,90.09,92.83,95.31,97.41,100.11,102.26,104.63,106.87,108.84,111.55,114.39,116.8,119.1,121.61,122.53
South Sudan,47,Renewable energy share (%),%,Renewable Energy,General,,https://africa-energy-portal.org/database,Africa Energy Portal Database,0.0,0.0,0.0,0.0,0.0,0.0,0.0,0.0,0.0,0.0,0.0,0.0,0.0,0.0,0.0,0.0,0.0,0.0,0.0,0.0,0.0,0.0,0.0,0.0,0.0
South Sudan,47,Installed capacity (MW),MW,Energy,Capacity,,https://africa-energy-portal.org/database,Africa Energy Portal Database,19.98,20.88,21.71,22.71,23.62,24.47,25.3,26.1,27.17,28.03,29.1,29.94,30.92,31.82,32.76,33.63,34.51,35.44,36.4,37.37,38.26,39.07,40.14,40.89,40.94
South Sudan,47,Electricity consumption per capita (kWh),kWh per capita,Electricity,Consumption,,https://africa-energy-portal.org/database,Africa Energy Portal Database,10.8,11.01,11.22,11.38,11.6,11.8,12.01,12.19,12.4,12.62,12.8,12.99,13.19,13.38,13.56,13.73,13.93,14.09,14.28,14.45,14.66,14.88,15.04,15.2,15.52
Sudan,48,Access to electricity (% population),%,Electricity,Access,,https://africa-energy-portal.org/database,Africa Energy Portal Database,26.28,27.4,28.62,30.04,31.57,33.05,34.21,35.34,36.64,37.85,39.13,40.48,41.87,43.3,44.52,45.83,47.37,48.71,49.79,51.34,52.43,53.86,55.09,56.34,56.06
Sudan,48,Electricity generation (GWh),GWh,Electricity,Generation,,https://africa-energy-portal.org/database,Africa Energy Portal Database,7934.21,8358.59,8683.74,9071.25,9430.66,9860.09,10220.85,10514.2,10856.16,11180.45,11485.38,11849.56,12167.32,12546.44,12916.37,13233.72,13586.62,13987.32,14410.99,14736.56,15152.72,15450.37,15863.73,16261.62,16446.59
Sudan,48,Renewable energy share (%),%,Renewable Energy,General,,https://africa-energy-portal.org/database,Africa Energy Portal Database,18.18,18.88,19.75,20.54,21.42,22.12,22.79,23.48,24.17,24.85,25.72,26.37,27.16,28.01,28.88,29.66,30.31,31.12,31.76,32.57,33.38,34.17,35.02,35.71,35.62
Sudan,48,Installed capacity (MW),MW,Energy,Capacity,,https://africa-energy-portal.org/database,Africa Energy Portal Database,2567.53,2612.63,2666.19,2704.06,2750.55,2806.99,2857.24,2895.83,2936.27,2990.33,3030.36,3078.68,3130.62,3173.96,3213.31,3262.82,3305.07,3349.41,3400.28,3448.96,3495.25,3539.62,3592.09,3635.12,3693.17
Sudan,48,Electricity consumption per capita (kWh),kWh per capita,Electricity,Consumption,,https://africa-energy-portal.org/database,Africa Energy Portal Database,149.03,151.64,153.96,156.31,158.93,161.29,163.81,165.83,167.81,170.14,172.3,174.52,176.68,179.44,181.89,184.48,186.46,188.78,191.49,194.05,196.1,198.82,200.71,202.82,204.92
Tanzania,49,Access to electricity (% population),%,Electricity,Access,,https://africa-energy-portal.org/database,Africa Energy Portal Database,14.68,15.6,16.96,18.22,19.4,20.41,21.41,22.71,24.02,25.39,26.54,27.57,28.68,29.63,30.55,31.61,32.84,34.16,35.19,36.16,37.48,38.79,39.77,40.74,40.83
Tanzania,49,Electricity generation (GWh),GWh,Electricity,Generation,,https://africa-energy-portal.org/database,Africa Energy Portal Database,3834.76,3987.77,4172.08,4316.24,4475.41,4653.68,4825.35,4963.83,5104.57,5304.4,5491.0,5658.36,5858.02,6021.64,6211.77,6355.99,6552.42,6730.86,6936.3,7109.84,7298.3,7461.57,7620.07,7807.25,7817.64
Tanzania,49,Renewable energy share (%),%,Renewable Energy,General,,https://africa-energy-portal.org/database,Africa Energy Portal Database,25.83,27.18,28.65,29.96,31.53,33.3,34.73,36.2,37.51,38.93,40.52,42.29,43.98,45.47,47.25,49.01,50.68,52.04,53.81,55.61,57.43,58.99,60.39,61.8,61.61
Tanzania,49,Installed capacity (MW),MW,Energy,Capacity,,https://africa-energy-portal.org/database,Africa Energy Portal Database,898.62,926.32,959.41,986.54,1022.05,1051.55,1079.46,1107.18,1138.09,1171.95,1200.96,1239.16,1277.09,1314.11,1344.24,1382.38,1413.21,1448.44,1486.24,1519.86,1554.88,1590.96,1626.79,1658.26,1669.3
Tanzania,49,Electricity consumption per capita (kWh),kWh per capita,Electricity,Consumption,,https://africa-energy-portal.org/database,Africa Energy Portal Database,53.96,56.32,58.57,60.69,63.07,65.13,67.17,69.2,71.45,73.55,75.96,78.22,80.67,82.71,84.68,86.51,88.54,91.01,92.8,94.51,96.84,99.0,101.35,103.21,104.84
Togo,50,Access to electricity (% population),%,Electricity,Access,,https://africa-energy-portal.org/database,Africa Energy Portal Database,19.83,20.89,21.98,22.94,24.17,25.34,26.64,27.93,29.11,30.18,31.24,32.56,33.79,34.84,35.85,36.95,37.89,38.86,39.95,40.93,42.02,43.03,44.06,45.3,45.74
Togo,50,Electricity generation (GWh),GWh,Electricity,Generation,,https://africa-energy-portal.org/database,Africa Energy Portal Database,117.35,121.76,124.8,128.19,131.78,136.26,140.3,144.08,148.34,152.11,155.13,159.31,162.53,166.37,170.44,173.47,176.87,180.69,184.75,188.56,191.74,195.5,199.15,202.34,205.58
Togo,50,Renewable energy share (%),%,Renewable Energy,General,,https://africa-energy-portal.org/database,Africa Energy Portal Database,13.42,14.26,15.08,15.76,16.58,17.38,18.13,18.89,19.58,20.26,20.87,21.7,22.59,23.48,24.38,25.17,26.07,26.95,27.59,28.2,29.04,29.72,30.47,31.16,30.65
Togo,50,Installed capacity (MW),MW,Energy,Capacity,,https://africa-energy-portal.org/database,Africa Energy Portal Database,90.45,94.95,98.56,102.03,106.71,110.05,113.58,118.04,121.84,125.33,130.22,133.7,138.31,143.05,147.29,151.67,155.97,160.5,164.05,168.21,172.33,175.88,180.31,184.66,184.04
Togo,50,Electricity consumption per capita (kWh),kWh per capita,Electricity,Consumption,,https://africa-energy-portal.org/database,Africa Energy Portal Database,68.6,69.7,70.69,71.77,72.73,73.76,74.61,75.77,76.9,77.98,78.97,80.12,81.03,81.99,83.12,84.28,85.17,86.05,86.92,87.86,88.98,90.07,91.06,91.91,94.02
Tunisia,51,Access to electricity (% population),%,Electricity,Access,,https://africa-energy-portal.org/database,Africa Energy Portal Database,56.2,58.02,60.37,62.21,64.09,66.46,68.55,70.36,72.49,74.59,76.34,78.28,80.17,82.49,84.42,86.37,88.18,90.53,92.27,93.9,95.99,98.23,100.0,100.0,100.0
Tunisia,51,Electricity generation (GWh),GWh,Electricity,Generation,,https://africa-energy-portal.org/database,Africa Energy Portal Database,11555.5,11964.07,12438.51,12810.2,13282.88,13817.33,14189.36,14731.34,15100.57,15576.76,16109.56,16552.44,16993.35,17489.08,17933.35,18316.96,18805.27,19325.51,19691.71,20068.96,20502.47,20909.2,21282.23,21679.7,22235.31
Tunisia,51,Renewable energy share (%),%,Renewable Energy,General,,https://africa-energy-portal.org/database,Africa Energy Portal Database,3.26,3.52,3.76,4.0,4.24,4.42,4.62,4.85,5.03,5.24,5.43,5.63,5.83,6.03,6.23,6.41,6.66,6.84,7.08,7.32,7.52,7.72,7.96,8.14,8.2
Tunisia,51,Installed capacity (MW),MW,Energy,Capacity,,https://africa-energy-portal.org/database,Africa Energy Portal Database,3816.07,3906.31,3977.82,4066.82,4149.51,4219.82,4300.71,4402.31,4488.23,4563.76,4663.07,4764.45,4835.21,4911.92,4988.71,5080.87,5180.53,5267.39,5361.59,5452.04,5537.82,5612.29,5712.9,5792.97,5821.46
Tunisia,51,Electricity consumption per capita (kWh),kWh per capita,Electricity,Consumption,,https://africa-energy-portal.org/database,Africa Energy Portal Database,1195.01,1211.02,1226.2,1239.35,1254.3,1269.36,1283.19,1296.67,1307.89,1321.27,1332.58,1344.06,1358.39,1372.67,1385.45,1399.7,1411.16,1423.67,1439.63,1452.83,1464.07,1479.1,1494.61,1509.05,1569.58
Uganda,52,Access to electricity (% population),%,Electricity,Access,,https://africa-energy-portal.org/database,Africa Energy Portal Database,18.55,19.77,20.82,22.01,22.94,24.17,25.06,26.14,27.04,28.26,29.42,30.49,31.62,32.63,33.54,34.74,35.92,37.03,38.04,39.2,40.24,41.14,42.1,43.07,42.44
Uganda,52,Electricity generation (GWh),GWh,Electricity,Generation,,https://africa-energy-portal.org/database,Africa Energy Portal Database,3024.38,3080.42,3160.25,3235.65,3307.95,3376.67,3430.49,3504.9,3574.4,3633.23,3693.17,3768.03,3821.97,3887.17,3946.77,4016.52,4094.91,4154.55,4232.47,4298.83,4375.82,4450.21,4504.3,4565.51,4614.77
Uganda,52,Renewable energy share (%),%,Renewable Energy,General,,https://africa-energy-portal.org/database,Africa Energy Portal Database,35.21,37.06,39.34,41.5,43.4,45.38,47.57,49.85,51.87,53.61,55.79,58.11,60.25,62.19,64.15,66.58,68.39,70.37,72.54,74.67,76.42,78.54,80.33,82.1,81.39
Uganda,52,Installed capacity (MW),MW,Energy,Capacity,,https://africa-energy-portal.org/database,Africa Energy Portal Database,694.52,715.43,739.42,763.5,789.97,812.4,832.31,857.64,882.47,905.12,926.79,952.77,974.2,997.42,1017.49,1040.92,1063.77,1088.15,1108.69,1129.06,1155.33,1175.75,1201.93,1225.58,1252.4
Uganda,52,Electricity consumption per capita (kWh),kWh per capita,Electricity,Consumption,,https://africa-energy-portal.org/database,Africa Energy Portal Database,64.04,64.71,65.32,66.19,66.83,67.53,68.25,69.0,69.74,70.32,70.99,71.58,72.22,72.9,73.65,74.44,75.23,75.88,76.46,77.26,77.96,78.7,79.5,80.28,83.91
Zambia,53,Access to electricity (% population),%,Electricity,Access,,https://africa-energy-portal.org/database,Africa Energy Portal Database,26.5,27.22,28.16,28.99,29.89,30.83,31.77,32.75,33.51,34.32,35.3,36.02,36.7,37.4,38.22,39.05,39.98,40.73,41.52,42.38,43.1,43.77,44.65,45.33,45.52
Zambia,53,Electricity generation (GWh),GWh,Electricity,Generation,,https://africa-energy-portal.org/database,Africa Energy Portal Database,7008.94,7463.7,7899.23,8356.45,8814.83,9307.43,9700.1,10194.59,10691.89,11137.4,11618.78,12079.06,12543.43,12976.25,13434.47,13811.95,14267.66,14719.43,15123.35,15565.57,16030.28,16384.37,16736.72,17243.67,17063.06
Zambia,53,Renewable energy share (%),%,Renewable Energy,General,,https://africa-energy-portal.org/database,Africa Energy Portal Database,47.26,49.71,51.72,53.85,56.2,58.79,60.59,62.79,65.05,67.46,69.71,72.24,74.03,76.34,78.16,79.99,82.36,84.88,87.18,89.6,92.05,93.93,95.9,98.25,97.78
Zambia,53,Installed capacity (MW),MW,Energy,Capacity,,https://africa-energy-portal.org/database,Africa Energy Portal Database,1571.21,1632.89,1694.53,1740.11,1806.31,1852.27,1917.93,1973.02,2023.0,2072.89,2119.31,2167.69,2218.16,2267.49,2323.0,2369.9,2429.66,2475.85,2540.5,2595.33,2653.55,2719.33,2779.85,2836.06,2914.45
Zambia,53,Electricity consumption per capita (kWh),kWh per capita,Electricity,Consumption,,https://africa-energy-portal.org/database,Africa Energy Portal Database,121.62,123.83,126.4,128.2,130.39,132.48,134.83,136.75,139.13,141.16,143.37,145.58,147.81,150.35,152.47,154.91,156.99,159.0,161.57,164.16,165.96,168.2,170.52,172.91,174.99
Zimbabwe,54,Access to electricity (% population),%,Electricity,Access,,https://africa-energy-portal.org/database,Africa Energy Portal Database,29.72,30.82,31.73,32.86,33.91,34.95,35.82,36.72,37.6,38.81,39.75,40.66,41.52,42.5,43.36,44.4,45.62,46.57,47.46,48.38,49.59,50.64,51.68,52.89,53.99
Zimbabwe,54,Electricity generation (GWh),GWh,Electricity,Generation,,https://africa-energy-portal.org/database,Africa Energy Portal Database,4845.13,5007.68,5195.89,5346.77,5486.25,5653.61,5848.76,5991.24,6183.79,6377.96,6555.75,6729.28,6906.9,7051.19,7210.32,7394.39,7533.22,7674.64,7848.85,8034.21,8192.51,8385.07,8537.87,8674.99,8858.92
Zimbabwe,54,Renewable energy share (%),%,Renewable Energy,General,,https://africa-energy-portal.org/database,Africa Energy Portal Database,26.92,27.95,29.03,29.93,31.0,32.13,33.19,34.03,35.07,36.26,37.45,38.3,39.42,40.46,41.53,42.64,43.52,44.52,45.58,46.76,47.77,48.78,49.8,50.94,50.75
Zimbabwe,54,Installed capacity (MW),MW,Energy,Capacity,,https://africa-energy-portal.org/database,Africa Energy Portal Database,1299.01,1343.82,1385.96,1426.93,1464.95,1505.47,1542.7,1578.54,1625.18,1661.4,1702.39,1741.36,1784.09,1819.6,1864.16,1911.9,1945.66,1978.47,2024.81,2067.36,2116.1,2160.44,2195.62,2231.54,2264.34
Zimbabwe,54,Electricity consumption per capita (kWh),kWh per capita,Electricity,Consumption,,https://africa-energy-portal.org/database,Africa Energy Portal Database,339.98,349.23,359.34,368.58,379.05,388.52,396.31,405.17,416.37,424.31,434.23,442.51,450.89,459.06,468.05,476.28,485.41,494.46,502.43,512.73,522.32,531.63,540.31,548.89,574.29
